ticker,date,v0,kappa,theta,xi,rho
AAPL,2024-01-02,0.15707758957011855,1.0,0.4712327687103557,0.8,-0.9
AAPL,2024-01-09,0.1161298960908307,0.5,0.08709742206812303,0.8,-0.9
AAPL,2024-01-17,0.11470822552749911,4.0,0.07647215035166607,0.8,-0.9
AAPL,2024-01-24,0.2229220045511895,2.0,0.14861466970079298,0.8,-0.9
AAPL,2024-01-31,0.08867244737676813,0.5,0.08867244737676813,0.8,-0.9
AAPL,2024-02-07,0.3780811485738873,0.5,0.2520540990492582,0.8,-0.9
AAPL,2024-02-14,0.10048318568485082,2.0,0.033494395228283604,0.8,-0.9
AAPL,2024-02-22,0.05315778998456047,0.5,0.026578894992280236,0.8,-0.9
AAPL,2024-02-29,0.10447212499999997,0.5,0.10447212499999997,0.8,-0.9
AAPL,2024-03-07,0.10262322203060684,8.0,0.05131161101530342,0.2,-0.3
AAPL,2024-03-14,0.04950748199269929,0.5,0.03300498799513286,0.8,-0.5
AAPL,2024-03-21,0.059045413006831644,0.5,0.044284059755123735,0.8,-0.9
AAPL,2024-03-28,0.027870149895787878,8.0,0.08361044968736364,0.2,-0.3
AAPL,2024-04-05,0.07063701098086295,8.0,0.07063701098086295,0.2,-0.3
AAPL,2024-04-12,0.06117177075575781,0.5,0.08156236100767708,0.8,-0.9
AAPL,2024-04-19,0.06540340887486218,0.5,0.049052556656146634,0.2,-0.3
AAPL,2024-04-26,0.0671485254641072,8.0,0.0671485254641072,0.2,-0.3
AAPL,2024-05-03,0.09103261774607797,0.5,0.09103261774607797,0.8,-0.9
AAPL,2024-05-10,0.00812364853764635,0.5,0.006092736403234763,0.8,-0.9
AAPL,2024-05-17,0.08844187159291328,0.5,0.06633140369468496,0.8,-0.9
AAPL,2024-05-24,0.05861787488803957,0.5,0.05861787488803957,0.8,-0.9
AAPL,2024-06-03,0.09916754478020558,0.5,0.04958377239010279,0.8,-0.9
AAPL,2024-06-10,0.08688907799691581,0.5,0.08688907799691581,0.8,-0.9
AAPL,2024-06-17,0.16056477813976522,0.5,0.16056477813976522,0.8,-0.9
AAPL,2024-06-25,0.020060957424239776,0.5,0.010030478712119888,0.8,-0.7
AAPL,2024-07-02,0.20541147497742404,0.5,0.20541147497742404,0.8,-0.9
AAPL,2024-07-10,0.0723521482780612,4.0,0.024117382759353736,0.8,-0.9
AAPL,2024-07-17,0.16412028052558847,0.5,0.10941352035039231,0.8,-0.9
AAPL,2024-07-24,0.16483004433906334,8.0,0.05494334811302111,0.8,-0.9
AAPL,2024-07-31,0.30577087466331193,2.0,0.15288543733165597,0.8,-0.9
AAPL,2024-08-07,0.16945120045296064,0.5,0.16945120045296064,0.8,-0.9
AAPL,2024-08-14,0.10084104140086027,0.5,0.025210260350215067,0.8,-0.9
AAPL,2024-08-21,0.1424624687924313,0.5,0.047487489597477096,0.8,-0.9
AAPL,2024-08-28,0.14255961217640595,0.5,0.14255961217640595,0.8,-0.9
AAPL,2024-09-05,0.17703417312623979,0.5,0.17703417312623979,0.8,-0.9
AAPL,2024-09-12,0.08475420934933395,0.5,0.08475420934933395,0.8,-0.9
AAPL,2024-09-19,0.5702887625033564,0.5,0.2851443812516782,0.8,-0.9
AAPL,2024-09-26,0.12553138760730717,0.5,0.12553138760730717,0.8,-0.9
AAPL,2024-10-03,0.23641481704408424,0.5,0.17731111278306316,0.8,-0.9
AAPL,2024-10-10,0.29396420824585184,0.5,0.29396420824585184,0.8,-0.9
AAPL,2024-10-17,0.5918726410978932,1.0,0.3945817607319288,0.8,-0.9
AAPL,2024-10-24,0.1642567993070106,0.5,0.1642567993070106,0.8,-0.9
AAPL,2024-10-31,0.10185648080799378,0.5,0.10185648080799378,0.8,-0.9
AAPL,2024-11-07,0.4723107110318493,0.5,0.4723107110318493,0.8,-0.9
AAPL,2024-11-14,0.5631248754745447,0.5,0.5631248754745447,0.8,-0.9
AAPL,2024-11-21,0.18637624867984334,0.5,0.18637624867984334,0.8,-0.9
AAPL,2024-11-29,0.12918549987866115,2.0,0.3875564996359835,0.8,-0.9
AAPL,2024-12-06,0.32939127479302643,0.5,0.32939127479302643,0.8,-0.9
AAPL,2024-12-13,0.2199116448610919,0.5,0.14660776324072794,0.8,-0.9
AAPL,2024-12-20,0.3195510974510219,0.5,0.9586532923530657,0.8,-0.9
AAPL,2024-12-30,0.1560070144861928,0.5,0.10400467632412853,0.8,-0.9
AAPL,2025-01-07,0.03664407105284787,0.5,0.027483053289635906,0.8,-0.9
AAPL,2025-01-15,0.09953765355091387,0.5,0.02488441338772847,0.8,-0.9
AAPL,2025-01-23,0.07869898687394782,4.0,0.052465991249298544,0.2,-0.3
AAPL,2025-01-30,0.2585922023915012,0.5,0.2585922023915012,0.8,-0.9
AAPL,2025-02-06,0.185602809120271,0.5,0.185602809120271,0.8,-0.9
AAPL,2025-02-13,0.39476555000693575,0.5,0.39476555000693575,0.8,-0.9
AAPL,2025-02-21,0.08377906345940299,0.5,0.08377906345940299,0.8,-0.9
AAPL,2025-02-28,0.0389199952568008,0.5,0.0194599976284004,0.8,-0.9
AAPL,2025-03-07,0.17039374938630084,0.5,0.25559062407945127,0.8,-0.9
AAPL,2025-03-14,0.09393140067791818,2.0,0.14089710101687727,0.8,-0.9
AAPL,2025-03-21,0.13337133647493857,1.0,0.06668566823746928,0.8,-0.9
AAPL,2025-03-28,0.12359704072948809,1.0,0.3707911221884643,0.8,-0.9
AAPL,2025-04-04,0.2660980784739376,0.5,0.19957355885545322,0.2,-0.3
AAPL,2025-04-11,0.2113741487108236,8.0,0.14091609914054906,0.2,-0.3
AAPL,2025-04-21,0.32289191208160833,8.0,0.48433786812241253,0.2,-0.3
AAPL,2025-04-28,0.11402310530030382,0.5,0.08551732897522787,0.8,-0.9
AAPL,2025-05-05,0.17156449059311227,0.5,0.1286733679448342,0.2,-0.3
AAPL,2025-05-12,0.11763101247637661,1.0,0.3528930374291298,0.8,-0.9
AAPL,2025-05-19,0.09249593050276458,2.0,0.023123982625691146,0.8,-0.9
AAPL,2025-05-27,0.09253028968024381,8.0,0.18506057936048761,0.2,-0.3
AAPL,2025-06-03,0.06568847351609997,8.0,0.08758463135479995,0.2,-0.3
AAPL,2025-06-10,0.08310330830587515,8.0,0.12465496245881272,0.2,-0.3
AAPL,2025-06-17,0.203831551698159,8.0,0.05095788792453975,0.2,-0.3
AAPL,2025-06-25,0.06736223667525852,8.0,0.04490815778350568,0.2,-0.3
AAPL,2025-07-02,0.07034593266803736,0.5,0.052759449501028025,0.2,-0.3
AAPL,2025-07-10,0.11172305661686432,8.0,0.07448203774457622,0.8,-0.9
AAPL,2025-07-17,0.09097077679449356,8.0,0.13645616519174034,0.2,-0.3
AAPL,2025-07-24,0.08512068139472981,0.5,0.06384051104604735,0.8,-0.9
AAPL,2025-07-31,0.10023291623207121,8.0,0.10023291623207121,0.2,-0.3
AAPL,2025-08-07,0.08254723635891803,0.5,0.16509447271783606,0.8,-0.9
AAPL,2025-08-14,0.378485036636523,0.5,0.378485036636523,0.8,-0.9
AAPL,2025-08-21,0.1266631654317469,8.0,0.04222105514391564,0.8,-0.9
AAPL,2025-08-28,0.2169612568792755,4.0,0.10848062843963775,0.8,-0.9
AMD,2024-01-02,0.3235924936093462,0.5,0.24269437020700968,0.2,-0.3
AMD,2024-01-09,0.45139009271892455,8.0,0.15046336423964152,0.8,-0.9
AMD,2024-01-17,0.003935807662610826,0.5,0.0009839519156527065,0.8,-0.5
AMD,2024-01-24,0.8369109623015872,0.5,0.8369109623015872,0.8,-0.9
AMD,2024-01-31,0.38509619875728085,8.0,0.1283653995857603,0.8,-0.9
AMD,2024-02-07,0.5461307078194597,0.5,0.5461307078194597,0.8,-0.9
AMD,2024-02-14,0.22484952722576138,0.5,0.11242476361288069,0.8,-0.9
AMD,2024-02-22,0.3586878647946967,0.5,0.2391252431964645,0.8,-0.9
AMD,2024-02-29,0.41602551432140544,0.5,0.41602551432140544,0.8,-0.9
AMD,2024-03-07,0.6770759469041852,0.5,0.22569198230139506,0.8,-0.9
AMD,2024-03-14,0.44127864903578823,8.0,0.6619179735536823,0.2,-0.3
AMD,2024-03-21,0.9961778168949872,8.0,1.4942667253424808,0.2,-0.3
AMD,2024-03-28,0.25713453134709113,8.0,0.08571151044903037,0.2,-0.3
AMD,2024-04-05,0.5227093590770708,8.0,0.5227093590770708,0.2,-0.3
AMD,2024-04-12,0.6714397116834897,8.0,0.6714397116834897,0.2,-0.3
AMD,2024-04-19,1.1296553114192165,8.0,0.5648276557096082,0.2,-0.3
AMD,2024-04-26,1.1406159595601777,1.0,0.8554619696701333,0.2,-0.3
AMD,2024-05-03,0.7167936102419482,0.5,0.5375952076814612,0.2,-0.3
AMD,2024-05-10,0.3668611429779012,8.0,0.3668611429779012,0.2,-0.3
AMD,2024-05-17,0.2853425299137512,8.0,0.2853425299137512,0.2,-0.3
AMD,2024-05-24,0.07643930379200549,8.0,0.07643930379200549,0.2,-0.3
AMD,2024-06-03,0.1629548284845853,8.0,0.054318276161528435,0.2,-0.3
AMD,2024-06-10,0.7901778706755768,8.0,0.7901778706755768,0.2,-0.3
AMD,2024-06-17,0.20985480782932064,8.0,0.6295644234879619,0.2,-0.3
AMD,2024-06-25,0.2227131083690968,8.0,0.6681393251072905,0.2,-0.3
AMD,2024-07-02,0.6668561698717947,8.0,0.2222853899572649,0.2,-0.3
AMD,2024-07-10,0.4055388622587016,8.0,0.13517962075290055,0.2,-0.3
AMD,2024-07-17,0.18055750898789028,0.5,0.1354181317409177,0.2,-0.3
AMD,2024-07-24,2.987788744620258,8.0,1.493894372310129,0.2,-0.3
AMD,2024-07-31,0.9108296124826868,8.0,0.9108296124826868,0.2,-0.3
AMD,2024-08-07,0.01013300412911996,0.5,0.006755336086079974,0.8,-0.9
AMD,2024-08-14,0.18105582157258063,4.0,0.09052791078629031,0.2,-0.3
AMD,2024-08-21,0.21383094061975902,2.0,0.42766188123951804,0.2,-0.3
AMD,2024-08-28,0.1586894922089158,8.0,0.0793447461044579,0.2,-0.3
AMD,2024-09-05,0.00904101555491765,0.5,0.00904101555491765,0.8,-0.9
AMD,2024-09-12,0.125,0.5,0.09375,0.2,-0.3
AMD,2024-09-19,0.20557994694791504,0.5,0.15418496021093628,0.2,-0.3
AMD,2024-09-26,0.18071586262948122,8.0,0.36143172525896244,0.8,-0.9
AMD,2024-10-03,0.2823313807169387,8.0,0.423497071075408,0.2,-0.3
AMD,2024-10-10,0.19068623056813552,0.5,0.14301467292610165,0.2,-0.3
AMD,2024-10-17,0.30537551294305043,8.0,0.45806326941457565,0.2,-0.3
AMD,2024-10-24,0.2908330315150751,8.0,0.14541651575753756,0.2,-0.3
AMD,2024-10-31,0.20810373249829023,8.0,0.20810373249829023,0.2,-0.3
AMD,2024-11-07,0.1813617982841224,8.0,0.3627235965682448,0.2,-0.3
AMD,2024-11-14,0.9824667824074075,8.0,0.49123339120370374,0.2,-0.3
AMD,2024-11-21,0.19220902530663808,8.0,0.19220902530663808,0.2,-0.3
AMD,2024-11-29,0.12301483942547108,8.0,0.12301483942547108,0.2,-0.3
AMD,2024-12-06,0.40229690130471385,8.0,0.6034453519570708,0.2,-0.3
AMD,2024-12-13,0.8168405710709243,8.0,0.8168405710709243,0.2,-0.3
AMD,2024-12-20,0.4277456857439375,8.0,0.4277456857439375,0.2,-0.3
AMD,2024-12-30,0.3401297370418257,8.0,0.6802594740836514,0.2,-0.3
AMD,2025-01-07,0.26198730468749987,8.0,0.26198730468749987,0.2,-0.3
AMD,2025-01-15,0.5234988927093776,8.0,0.17449963090312587,0.2,-0.3
AMD,2025-01-23,0.39603321671042757,8.0,0.1320110722368092,0.2,-0.3
AMD,2025-01-30,0.3879153827568745,8.0,0.5818730741353118,0.2,-0.3
AMD,2025-02-06,0.9463880668639794,8.0,0.9463880668639794,0.2,-0.3
AMD,2025-02-13,0.18910480296010437,8.0,0.5673144088803131,0.2,-0.3
AMD,2025-02-21,0.28524303669578016,8.0,0.42786455504367027,0.2,-0.3
AMD,2025-02-28,0.42180993446119064,8.0,0.14060331148706354,0.2,-0.3
AMD,2025-03-07,0.2794674901932148,8.0,0.2794674901932148,0.2,-0.3
AMD,2025-03-14,0.5364473298746683,8.0,0.5364473298746683,0.2,-0.3
AMD,2025-03-21,0.1750178865371641,8.0,0.26252682980574615,0.2,-0.3
AMD,2025-03-28,0.2912750338439026,8.0,0.1456375169219513,0.2,-0.3
AMD,2025-04-04,1.0486010739737028,8.0,0.34953369132456763,0.2,-0.3
AMD,2025-04-11,0.3869275862061276,8.0,0.5803913793091914,0.2,-0.3
AMD,2025-04-21,0.4073340261980095,0.5,0.3055005196485071,0.2,-0.3
AMD,2025-04-28,0.37546446952629864,8.0,0.1251548231754329,0.8,-0.9
AMD,2025-05-05,0.6254447596409362,8.0,0.3127223798204681,0.8,-0.9
AMD,2025-05-12,0.23692593261528577,2.0,0.11846296630764289,0.8,-0.9
AMD,2025-05-19,0.20933485541931676,8.0,0.31400228312897516,0.8,-0.9
AMD,2025-05-27,0.2511918553815838,4.0,0.08373061846052793,0.8,-0.9
AMD,2025-06-03,0.23966373854963202,8.0,0.07988791284987734,0.8,-0.9
AMD,2025-06-10,0.22244321566724906,0.5,0.14829547711149937,0.8,-0.9
AMD,2025-06-17,0.2511328584061111,8.0,0.12556642920305555,0.8,-0.9
AMD,2025-06-25,0.3207833530480596,0.5,0.3207833530480596,0.8,-0.9
AMD,2025-07-02,0.24057753016919867,0.5,0.06014438254229967,0.8,-0.9
AMD,2025-07-10,0.34549657492047625,4.0,0.5182448623807143,0.8,-0.9
AMD,2025-07-17,0.5484890502176167,8.0,1.0969781004352335,0.8,-0.9
AMD,2025-07-24,0.7101220849420155,4.0,0.2367073616473385,0.8,-0.9
AMD,2025-07-31,0.4597174356681864,8.0,0.1532391452227288,0.8,-0.9
AMD,2025-08-07,0.5109584928245936,0.5,0.17031949760819787,0.8,-0.9
AMD,2025-08-14,0.3638183900672103,0.5,0.3638183900672103,0.8,-0.9
AMD,2025-08-21,0.25568975805075106,8.0,0.12784487902537553,0.8,-0.9
AMD,2025-08-28,0.17113385034590023,0.5,0.17113385034590023,0.8,-0.9
AMZN,2024-01-02,0.09540385577630608,8.0,0.09540385577630608,0.5,-0.5
AMZN,2024-01-09,0.13569922191808592,0.5,0.09046614794539062,0.8,-0.9
AMZN,2024-01-17,0.12799328282890632,0.5,0.06399664141445316,0.8,-0.9
AMZN,2024-01-24,0.08761532831269217,0.5,0.06571149623451913,0.5,-0.9
AMZN,2024-01-31,0.15435423943014703,1.0,0.07717711971507352,0.8,-0.9
AMZN,2024-02-07,0.1013258135659589,0.5,0.1013258135659589,0.8,-0.9
AMZN,2024-02-14,0.09325820385674932,8.0,0.031086067952249774,0.8,-0.9
AMZN,2024-02-22,0.09285377891700373,0.5,0.04642688945850187,0.8,-0.9
AMZN,2024-02-29,0.11337789032544653,0.5,0.11337789032544653,0.8,-0.9
AMZN,2024-03-07,0.034810799796188535,0.5,0.0261080998471414,0.8,-0.9
AMZN,2024-03-14,0.07373506245059509,0.5,0.04915670830039673,0.8,-0.9
AMZN,2024-03-21,0.14278392144507454,1.0,0.07139196072253727,0.8,-0.9
AMZN,2024-03-28,0.14103701272643893,0.5,0.1057777595448292,0.8,-0.9
AMZN,2024-04-05,0.11124944606413993,0.5,0.3337483381924198,0.8,-0.9
AMZN,2024-04-12,0.17844977952220367,0.5,0.08922488976110184,0.8,-0.9
AMZN,2024-04-19,0.20001098631463865,8.0,0.06667032877154622,0.5,-0.9
AMZN,2024-04-26,0.0608235155751021,0.5,0.045617636681326575,0.2,-0.3
AMZN,2024-05-03,0.06629733447634162,0.5,0.06629733447634162,0.8,-0.9
AMZN,2024-05-10,0.09941523050028833,0.5,0.09941523050028833,0.8,-0.9
AMZN,2024-05-17,0.15666203214492747,1.0,0.4699860964347824,0.8,-0.9
AMZN,2024-05-24,0.1006158547222723,8.0,0.033538618240757434,0.8,-0.9
AMZN,2024-06-03,0.25566423641546304,0.5,0.38349635462319454,0.8,-0.9
AMZN,2024-06-10,0.17813525314595047,0.5,0.17813525314595047,0.8,-0.9
AMZN,2024-06-17,0.10182883391203701,0.5,0.10182883391203701,0.8,-0.9
AMZN,2024-06-25,0.06741521489634063,0.5,0.050561411172255474,0.8,-0.9
AMZN,2024-07-02,0.07122547992810652,8.0,0.10683821989215977,0.8,-0.9
AMZN,2024-07-10,0.17587073999840178,0.5,0.05862357999946726,0.8,-0.9
AMZN,2024-07-17,0.23744803812723198,8.0,0.23744803812723198,0.2,-0.3
AMZN,2024-07-24,0.32223774434169283,8.0,0.2148251628944619,0.2,-0.3
AMZN,2024-07-31,0.19556928630284054,0.5,0.1303795242018937,0.8,-0.9
AMZN,2024-08-07,0.13093217857069533,4.0,0.06546608928534767,0.8,-0.3
AMZN,2024-08-14,0.1610316537647582,2.0,0.05367721792158607,0.8,-0.9
AMZN,2024-08-21,0.06468864697237754,0.5,0.04312576464825169,0.8,-0.9
AMZN,2024-08-28,0.04854559287796752,8.0,0.14563677863390256,0.2,-0.3
AMZN,2024-09-05,0.0798828656462585,0.5,0.03994143282312925,0.8,-0.9
AMZN,2024-09-12,0.16497063775510204,0.5,0.10998042517006802,0.8,-0.9
AMZN,2024-09-19,0.14184012966364423,4.0,0.28368025932728846,0.8,-0.9
AMZN,2024-09-26,0.2101949431089754,0.5,0.31529241466346314,0.8,-0.9
AMZN,2024-10-03,0.09537675639046563,8.0,0.14306513458569844,0.2,-0.9
AMZN,2024-10-10,0.1677282902902238,1.0,0.055909430096741264,0.8,-0.9
AMZN,2024-10-17,0.09890891950130826,0.5,0.07418168962598119,0.8,-0.9
AMZN,2024-10-24,0.30293041718555413,8.0,0.07573260429638853,0.8,-0.9
AMZN,2024-10-31,0.2647450657894736,8.0,0.1323725328947368,0.8,-0.9
AMZN,2024-11-07,0.1829741260745378,0.5,0.13723059455590336,0.8,-0.9
AMZN,2024-11-14,0.08708570690524194,0.5,0.021771426726310484,0.8,-0.9
AMZN,2024-11-21,0.10686121156667434,4.0,0.05343060578333717,0.8,-0.9
AMZN,2024-11-29,0.17333553641183033,0.5,0.17333553641183033,0.8,-0.9
AMZN,2024-12-06,0.28649457445472026,0.5,0.14324728722736013,0.8,-0.9
AMZN,2024-12-13,0.05588357374107082,0.5,0.018627857913690274,0.8,-0.9
AMZN,2024-12-20,0.1366150542600377,4.0,0.045538351420012564,0.8,-0.9
AMZN,2024-12-30,0.08978769251575591,1.0,0.26936307754726774,0.8,-0.9
AMZN,2025-01-07,0.12427716215779958,2.0,0.3728314864733987,0.8,-0.9
AMZN,2025-01-15,0.15735325655962162,0.5,0.10490217103974775,0.8,-0.9
AMZN,2025-01-23,0.26696664900342115,8.0,0.08898888300114038,0.8,-0.9
AMZN,2025-01-30,0.2161257789432702,8.0,0.1080628894716351,0.8,-0.9
AMZN,2025-02-06,0.3089030449123723,4.0,0.10296768163745743,0.8,-0.9
AMZN,2025-02-13,0.05664952083333334,0.5,0.042487140625,0.8,-0.9
AMZN,2025-02-21,0.10410720551786935,4.0,0.06940480367857957,0.2,-0.3
AMZN,2025-02-28,0.1295540287032621,8.0,0.08636935246884139,0.2,-0.3
AMZN,2025-03-07,0.06962944911291205,8.0,0.06962944911291205,0.2,-0.3
AMZN,2025-03-14,0.23098044217687067,8.0,0.057745110544217666,0.2,-0.3
AMZN,2025-03-21,0.10748237231239909,0.5,0.08061177923429931,0.2,-0.3
AMZN,2025-03-28,0.16036410840916893,8.0,0.16036410840916893,0.2,-0.3
AMZN,2025-04-04,0.9045644465095766,8.0,1.3568466697643649,0.2,-0.3
AMZN,2025-04-11,0.5771388947590872,8.0,0.2885694473795436,0.2,-0.3
AMZN,2025-04-21,0.16540254453124997,0.5,0.12405190839843748,0.2,-0.3
AMZN,2025-04-28,0.30689434623813017,8.0,0.10229811541271006,0.8,-0.9
AMZN,2025-05-05,0.31052108344191937,8.0,0.10350702781397313,0.2,-0.3
AMZN,2025-05-12,0.19090643250206374,0.5,0.12727095500137584,0.8,-0.9
AMZN,2025-05-19,0.09362185930083068,0.5,0.09362185930083068,0.8,-0.9
AMZN,2025-05-27,0.08754728115394467,0.5,0.0656604608654585,0.8,-0.9
AMZN,2025-06-03,0.1159676195022493,2.0,0.2319352390044986,0.8,-0.9
AMZN,2025-06-10,0.28723538169171603,0.5,0.5744707633834321,0.8,-0.9
AMZN,2025-06-17,0.17541648158596004,0.5,0.17541648158596004,0.8,-0.9
AMZN,2025-06-25,0.13103754967616837,0.5,0.08735836645077891,0.8,-0.9
AMZN,2025-07-02,0.20417414224199015,0.5,0.13611609482799344,0.8,-0.9
AMZN,2025-07-10,0.09805581987207498,0.5,0.07354186490405623,0.8,-0.9
AMZN,2025-07-17,0.2628608740178171,2.0,0.06571521850445428,0.8,-0.9
AMZN,2025-07-24,0.21378383326521005,0.5,0.14252255551014004,0.8,-0.9
AMZN,2025-07-31,0.09965218322807835,0.5,0.09965218322807835,0.8,-0.9
AMZN,2025-08-07,0.09568990489255894,0.5,0.07176742866941921,0.8,-0.9
AMZN,2025-08-14,0.23602203152385123,0.5,0.23602203152385123,0.8,-0.9
AMZN,2025-08-21,0.09724164329616267,0.5,0.04862082164808133,0.8,-0.9
AMZN,2025-08-28,0.11883590453621146,8.0,0.039611968178737154,0.8,-0.9
CAG,2024-01-02,0.11191895402144024,4.0,0.037306318007146747,0.8,-0.9
CAG,2024-01-09,0.05427349633372965,0.5,0.08141024450059448,0.8,-0.9
CAG,2024-01-17,0.06347035414655468,8.0,0.09520553121983202,0.2,-0.3
CAG,2024-01-24,0.050519759033220896,8.0,0.0168399196777403,0.8,-0.9
CAG,2024-01-31,0.09908804874298026,8.0,0.03302934958099342,0.8,-0.9
CAG,2024-02-07,0.04772193211531153,8.0,0.09544386423062307,0.2,-0.3
CAG,2024-02-14,0.2556601706503144,8.0,0.0639150426625786,0.2,-0.3
CAG,2024-02-22,0.03665578848074494,8.0,0.07331157696148988,0.2,-0.3
CAG,2024-02-29,0.02679217524585211,0.5,0.02009413143438908,0.2,-0.3
CAG,2024-03-07,0.06182296283043505,8.0,0.04121530855362337,0.2,-0.3
CAG,2024-03-14,0.07525235309641097,8.0,0.050168235397607314,0.8,-0.3
CAG,2024-03-21,0.062058735524769953,4.0,0.09308810328715493,0.8,-0.9
CAG,2024-03-28,0.12827869960004323,0.5,0.06413934980002162,0.8,-0.9
CAG,2024-04-05,0.08929582362836443,2.0,0.029765274542788142,0.8,-0.9
CAG,2024-04-12,0.08430858455525492,8.0,0.028102861518418305,0.8,-0.3
CAG,2024-04-19,0.0393913357414334,4.0,0.0787826714828668,0.8,-0.9
CAG,2024-04-26,0.06673967950275347,0.5,0.10010951925413021,0.8,-0.9
CAG,2024-05-03,0.058046236171236165,0.5,0.029023118085618083,0.8,-0.9
CAG,2024-05-10,0.059252251502528615,0.5,0.03950150100168574,0.8,-0.9
CAG,2024-05-17,0.07252675367395761,0.5,0.036263376836978806,0.8,-0.9
CAG,2024-05-24,0.12565276455774177,2.0,0.04188425485258059,0.8,-0.9
CAG,2024-06-03,0.10646426443235987,0.5,0.03548808814411996,0.8,-0.9
CAG,2024-06-10,0.061115754561694685,0.5,0.061115754561694685,0.8,-0.9
CAG,2024-06-17,0.06656975088694875,0.5,0.09985462633042312,0.8,-0.3
CAG,2024-06-25,0.0924685646477188,8.0,0.030822854882572935,0.8,-0.9
CAG,2024-07-02,0.06426900478515275,4.0,0.04284600319010184,0.2,-0.3
CAG,2024-07-10,0.13913970191906863,8.0,0.046379900639689546,0.2,-0.3
CAG,2024-07-17,0.10524949798587685,0.5,0.035083165995292286,0.8,-0.9
CAG,2024-07-24,0.07637926493857407,0.5,0.050919509959049376,0.8,-0.9
CAG,2024-07-31,0.05798126389332112,0.5,0.08697189583998167,0.8,-0.9
CAG,2024-08-07,0.1301349112945385,0.5,0.043378303764846166,0.8,-0.9
CAG,2024-08-14,0.031170564274520647,0.5,0.031170564274520647,0.8,-0.9
CAG,2024-08-21,0.0764694305426236,0.5,0.05097962036174907,0.8,-0.9
CAG,2024-08-28,0.08312845235320737,8.0,0.02770948411773579,0.8,-0.9
CAG,2024-09-05,0.12512629299559483,0.5,0.25025258599118966,0.8,-0.9
CAG,2024-09-12,0.187773206547299,0.5,0.12518213769819933,0.8,-0.9
CAG,2024-09-19,0.14389523694493406,0.5,0.04796507898164469,0.8,-0.9
CAG,2024-09-26,0.09753781810197591,0.5,0.048768909050987956,0.8,-0.9
CAG,2024-10-03,0.01346858173560789,0.5,0.01346858173560789,0.8,-0.9
CAG,2024-10-10,0.08733056841563783,0.5,0.06549792631172838,0.2,-0.3
CAG,2024-10-17,0.062134281067027494,0.5,0.031067140533513747,0.8,-0.9
CAG,2024-10-24,0.07078303321929437,8.0,0.017695758304823592,0.2,-0.3
CAG,2024-10-31,0.13860907006120787,8.0,0.04620302335373595,0.2,-0.3
CAG,2024-11-07,0.060579363758019825,8.0,0.030289681879009912,0.2,-0.3
CAG,2024-11-14,0.024017427659654107,8.0,0.024017427659654107,0.2,-0.3
CAG,2024-11-21,0.11447076335352417,8.0,0.17170614503028625,0.2,-0.3
CAG,2024-11-29,0.08749891990171921,0.5,0.0656241899262894,0.2,-0.3
CAG,2024-12-06,0.05198691231863839,8.0,0.03465794154575893,0.2,-0.3
CAG,2024-12-13,0.13748604910714285,8.0,0.04582868303571429,0.2,-0.3
CAG,2024-12-20,0.07400297108025904,0.5,0.055502228310194274,0.2,-0.3
CAG,2024-12-30,0.08295582120727453,8.0,0.08295582120727453,0.2,-0.3
CAG,2025-01-07,0.10945676571762364,8.0,0.16418514857643546,0.2,-0.3
CAG,2025-01-15,0.4334421658646896,8.0,0.2167210829323448,0.2,-0.3
CAG,2025-01-23,0.41665482411115073,8.0,0.13888494137038357,0.2,-0.3
CAG,2025-01-30,0.07978440202296509,0.5,0.059838301517223816,0.8,-0.9
CAG,2025-02-06,0.11803954998166659,8.0,0.059019774990833294,0.2,-0.3
CAG,2025-02-13,0.07117131743840269,8.0,0.10675697615760403,0.8,-0.3
CAG,2025-02-21,0.09644018322172614,0.5,0.19288036644345227,0.8,-0.9
CAG,2025-02-28,0.13822185407366067,0.5,0.13822185407366067,0.8,-0.9
CAG,2025-03-07,0.12855378982042107,4.0,0.06427689491021053,0.8,-0.9
CAG,2025-03-14,0.07732142173973242,8.0,0.23196426521919725,0.2,-0.3
CAG,2025-03-21,0.1729218891835328,8.0,0.05764062972784427,0.2,-0.3
CAG,2025-03-28,0.13548521508771716,8.0,0.04516173836257239,0.8,-0.9
CAG,2025-04-04,0.23307713587160697,0.5,0.23307713587160697,0.8,-0.9
CAG,2025-04-11,0.10893208804243623,2.0,0.21786417608487246,0.8,-0.5
CAG,2025-04-21,0.10724697164948457,8.0,0.05362348582474229,0.8,-0.9
CAG,2025-04-28,0.1600428485576922,8.0,0.0800214242788461,0.2,-0.3
CAG,2025-05-05,0.13337962457530328,8.0,0.044459874858434424,0.2,-0.3
CAG,2025-05-12,0.10423270604943718,8.0,0.10423270604943718,0.2,-0.3
CAG,2025-05-19,0.06293989301801803,0.5,0.06293989301801803,0.2,-0.9
CAG,2025-05-27,0.06986058601134214,2.0,0.03493029300567107,0.8,-0.3
CAG,2025-06-03,0.035473439487272745,8.0,0.10642031846181824,0.2,-0.3
CAG,2025-06-10,0.12344252159040972,8.0,0.08229501439360648,0.2,-0.3
CAG,2025-06-17,0.07329366322943966,8.0,0.03664683161471983,0.2,-0.3
CAG,2025-06-25,0.13621581163563315,0.5,0.10216185872672487,0.2,-0.3
CAG,2025-07-02,0.10863396862513941,8.0,0.21726793725027882,0.2,-0.3
CAG,2025-07-10,0.24360447883930939,8.0,0.3654067182589641,0.2,-0.3
CAG,2025-07-17,0.10762532552083334,8.0,0.10762532552083334,0.2,-0.3
CAG,2025-07-24,0.02319915254237287,0.5,0.017399364406779652,0.2,-0.3
CAG,2025-07-31,0.12694131150202215,8.0,0.2538826230040443,0.2,-0.3
CAG,2025-08-07,0.24505615234375,8.0,0.1837921142578125,0.2,-0.3
CAG,2025-08-14,0.061169640492584734,8.0,0.061169640492584734,0.2,-0.3
CAG,2025-08-21,0.1363670792936288,8.0,0.04545569309787626,0.8,-0.9
CAG,2025-08-28,0.08093585487439246,8.0,0.08093585487439246,0.2,-0.3
CMCSA,2024-01-02,0.07095580753237204,0.5,0.1419116150647441,0.8,-0.9
CMCSA,2024-01-09,0.11299870368321224,0.5,0.07533246912214149,0.8,-0.9
CMCSA,2024-01-17,0.09355746207641655,8.0,0.046778731038208274,0.2,-0.3
CMCSA,2024-01-24,0.1375468542698197,8.0,0.06877342713490985,0.8,-0.9
CMCSA,2024-01-31,0.2645095146471854,8.0,0.1322547573235927,0.8,-0.9
CMCSA,2024-02-07,0.0521110046080488,8.0,0.0260555023040244,0.2,-0.3
CMCSA,2024-02-14,0.03277658045977011,8.0,0.09832974137931033,0.2,-0.3
CMCSA,2024-02-22,0.039918150063044625,4.0,0.019959075031522312,0.2,-0.3
CMCSA,2024-02-29,0.04777717741210559,0.5,0.06370290321614079,0.8,-0.9
CMCSA,2024-03-07,0.03939695803535088,8.0,0.11819087410605264,0.2,-0.3
CMCSA,2024-03-14,0.08222552342251005,0.5,0.027408507807503348,0.8,-0.9
CMCSA,2024-03-21,0.048912187667535356,0.5,0.048912187667535356,0.8,-0.9
CMCSA,2024-03-28,0.06633324876896456,0.5,0.09949987315344683,0.8,-0.9
CMCSA,2024-04-05,0.10487446683724111,8.0,0.20974893367448222,0.2,-0.3
CMCSA,2024-04-12,0.2634369559898709,8.0,0.0878123186632903,0.2,-0.3
CMCSA,2024-04-19,0.09418303571428573,0.5,0.12557738095238097,0.8,-0.9
CMCSA,2024-04-26,0.046897762304913736,8.0,0.046897762304913736,0.2,-0.3
CMCSA,2024-05-03,0.03838027398459384,8.0,0.11514082195378153,0.5,-0.9
CMCSA,2024-05-10,0.04397822768740548,4.0,0.06596734153110823,0.2,-0.3
CMCSA,2024-05-17,0.025554208774921598,8.0,0.0766626263247648,0.2,-0.3
CMCSA,2024-05-24,0.021115648945142312,8.0,0.042231297890284625,0.2,-0.3
CMCSA,2024-06-03,0.07525808318399044,0.5,0.07525808318399044,0.8,-0.9
CMCSA,2024-06-10,0.022221298966369554,8.0,0.06666389689910866,0.2,-0.9
CMCSA,2024-06-17,0.1903478432922436,8.0,0.0475869608230609,0.2,-0.3
CMCSA,2024-06-25,0.06321009710970762,2.0,0.18963029132912287,0.8,-0.9
CMCSA,2024-07-02,0.027144114411441145,8.0,0.08143234323432344,0.2,-0.3
CMCSA,2024-07-10,0.1265376519879176,8.0,0.0632688259939588,0.2,-0.3
CMCSA,2024-07-17,0.1294235978367472,0.5,0.19413539675512081,0.8,-0.9
CMCSA,2024-07-24,0.06027381046496308,4.0,0.12054762092992616,0.8,-0.9
CMCSA,2024-07-31,0.03350585937499999,0.5,0.02512939453124999,0.8,-0.9
CMCSA,2024-08-07,0.08464813158066482,8.0,0.08464813158066482,0.2,-0.3
CMCSA,2024-08-14,0.05051572277163991,0.5,0.10103144554327982,0.8,-0.3
CMCSA,2024-08-21,0.04117760213216145,8.0,0.0549034695095486,0.2,-0.3
CMCSA,2024-08-28,0.06192962882302022,8.0,0.041286419215346815,0.2,-0.3
CMCSA,2024-09-05,0.06848559605597945,8.0,0.06848559605597945,0.8,-0.9
CMCSA,2024-09-12,0.08952503002937626,8.0,0.022381257507344064,0.2,-0.3
CMCSA,2024-09-19,0.05159255205172938,2.0,0.10318510410345876,0.5,-0.9
CMCSA,2024-09-26,0.09352112871334874,0.5,0.1402816930700231,0.8,-0.9
CMCSA,2024-10-03,0.07928030746413385,8.0,0.11892046119620078,0.8,-0.7
CMCSA,2024-10-10,0.05756871361825981,0.5,0.043176535213694855,0.8,-0.9
CMCSA,2024-10-17,0.1549912281940909,8.0,0.10332748546272726,0.8,-0.9
CMCSA,2024-10-24,0.1498852671589757,0.5,0.2997705343179514,0.8,-0.9
CMCSA,2024-10-31,0.10261869435042682,0.5,0.10261869435042682,0.8,-0.9
CMCSA,2024-11-07,0.05873972320490972,0.5,0.11747944640981944,0.8,-0.9
CMCSA,2024-11-14,0.09910024578270221,0.5,0.06606683052180147,0.8,-0.9
CMCSA,2024-11-21,0.08753303922188069,0.5,0.06564977941641051,0.8,-0.9
CMCSA,2024-11-29,0.042905181800444614,8.0,0.08581036360088923,0.8,-0.9
CMCSA,2024-12-06,0.08614956253089472,0.5,0.08614956253089472,0.8,-0.9
CMCSA,2024-12-13,0.04612219380404414,8.0,0.030748129202696095,0.2,-0.3
CMCSA,2024-12-20,0.0777453261181072,8.0,0.051830217412071465,0.2,-0.3
CMCSA,2024-12-30,0.14337608298963891,8.0,0.04779202766321297,0.2,-0.3
CMCSA,2025-01-07,0.07354990389507605,2.0,0.055162427921307045,0.2,-0.3
CMCSA,2025-01-15,0.08799726232007843,8.0,0.13199589348011764,0.8,-0.3
CMCSA,2025-01-23,0.14533203003210243,8.0,0.04844401001070081,0.8,-0.9
CMCSA,2025-01-30,0.1515109172285813,4.0,0.3030218344571626,0.2,-0.3
CMCSA,2025-02-06,0.08263157629306862,8.0,0.027543858764356208,0.2,-0.3
CMCSA,2025-02-13,0.05287437156394677,8.0,0.03524958104263118,0.2,-0.3
CMCSA,2025-02-21,0.05934695084208934,0.5,0.07912926778945245,0.8,-0.5
CMCSA,2025-02-28,0.06905959444245498,0.5,0.13811918888490995,0.8,-0.9
CMCSA,2025-03-07,0.1209526497080072,0.5,0.040317549902669066,0.8,-0.9
CMCSA,2025-03-14,0.06893650671475487,8.0,0.20680952014426462,0.8,-0.9
CMCSA,2025-03-21,0.15169302928630998,0.5,0.10112868619087333,0.8,-0.9
CMCSA,2025-03-28,0.1442821612775243,2.0,0.04809405375917477,0.8,-0.9
CMCSA,2025-04-04,0.38498237781954886,8.0,0.5774735667293233,0.2,-0.3
CMCSA,2025-04-11,0.24158000145609898,8.0,0.080526667152033,0.2,-0.3
CMCSA,2025-04-21,0.19386975217476698,8.0,0.12924650144984465,0.2,-0.3
CMCSA,2025-04-28,0.12472444708593226,2.0,0.041574815695310754,0.8,-0.9
CMCSA,2025-05-05,0.13047214974337706,0.5,0.13047214974337706,0.8,-0.9
CMCSA,2025-05-12,0.0688402379793829,0.5,0.0688402379793829,0.8,-0.9
CMCSA,2025-05-19,0.09907068606929154,0.5,0.09907068606929154,0.8,-0.9
CMCSA,2025-05-27,0.05939287670450437,0.5,0.039595251136336246,0.8,-0.9
CMCSA,2025-06-03,0.08837005568607886,0.5,0.1325550835291183,0.8,-0.9
CMCSA,2025-06-10,0.0912761205967536,0.5,0.06085074706450239,0.8,-0.9
CMCSA,2025-06-17,0.04313914472166767,0.5,0.04313914472166767,0.5,-0.9
CMCSA,2025-06-25,0.06814165989092275,0.5,0.06814165989092275,0.8,-0.9
CMCSA,2025-07-02,0.08155162459720729,0.5,0.02718387486573576,0.8,-0.9
CMCSA,2025-07-10,0.06826654905599555,8.0,0.1365330981119911,0.8,-0.9
CMCSA,2025-07-17,0.12718747437589176,4.0,0.06359373718794588,0.8,-0.9
CMCSA,2025-07-24,0.14751547025060024,2.0,0.07375773512530012,0.8,-0.9
CMCSA,2025-07-31,0.04715954431096687,8.0,0.0707393164664503,0.2,-0.3
CMCSA,2025-08-07,0.008611237699896506,0.5,0.008611237699896506,0.8,-0.3
CMCSA,2025-08-14,0.06658250621575418,8.0,0.04438833747716946,0.2,-0.3
CMCSA,2025-08-21,0.06407647883298735,8.0,0.032038239416493676,0.5,-0.7
CMCSA,2025-08-28,0.07467552876750203,0.5,0.07467552876750203,0.8,-0.9
CME,2024-01-02,0.10248439947067464,0.5,0.10248439947067464,0.8,-0.9
CME,2024-01-09,0.03809742291655085,8.0,0.0761948458331017,0.2,-0.3
CME,2024-01-17,0.11136055080500132,0.5,0.07424036720333421,0.8,-0.9
CME,2024-01-24,0.04727116193402536,0.5,0.03151410795601691,0.8,-0.9
CME,2024-01-31,0.1217173611111111,0.5,0.0405724537037037,0.8,-0.9
CME,2024-02-07,0.04312328568954521,0.5,0.028748857126363474,0.8,-0.9
CME,2024-02-14,0.06219264618942109,0.5,0.031096323094710544,0.8,-0.9
CME,2024-02-22,0.07596626304657367,0.5,0.025322087682191224,0.8,-0.9
CME,2024-02-29,0.03054704049185862,0.5,0.03054704049185862,0.8,-0.9
CME,2024-03-07,0.027914999488027545,0.5,0.05582999897605509,0.8,-0.9
CME,2024-03-14,0.046969407251436716,0.5,0.023484703625718358,0.8,-0.9
CME,2024-03-21,0.03209985697153192,0.5,0.03209985697153192,0.8,-0.9
CME,2024-03-28,0.03108181718118451,0.5,0.03108181718118451,0.8,-0.9
CME,2024-04-05,0.04934598571940583,0.5,0.1480379571582175,0.8,-0.9
CME,2024-04-12,0.057417522993057094,0.5,0.03827834866203806,0.8,-0.3
CME,2024-04-19,0.21062421845597254,0.5,0.21062421845597254,0.8,-0.9
CME,2024-04-26,0.15098524838402155,0.5,0.22647787257603233,0.8,-0.9
CME,2024-05-03,0.19912838872897612,0.5,0.09956419436448806,0.8,-0.9
CME,2024-05-10,0.14713938274144006,0.5,0.14713938274144006,0.8,-0.9
CME,2024-05-17,0.3960427758537977,0.5,0.19802138792689886,0.8,-0.9
CME,2024-05-24,0.5811491690962098,0.5,0.2905745845481049,0.8,-0.9
CME,2024-06-03,0.2878496880889899,0.5,0.14392484404449496,0.8,-0.9
CME,2024-06-10,0.1581017479684075,0.5,0.052700582656135836,0.8,-0.9
CME,2024-06-17,0.09836233672673021,0.5,0.03278744557557674,0.8,-0.9
CME,2024-06-25,0.04915746373984464,0.5,0.07373619560976696,0.8,-0.9
CME,2024-07-02,0.08051941692607904,0.5,0.12077912538911856,0.8,-0.9
CME,2024-07-10,0.1240083578235684,0.5,0.0826722385490456,0.8,-0.9
CME,2024-07-17,0.27699477771690606,0.5,0.09233159257230203,0.8,-0.9
CME,2024-07-24,0.14936528106948013,0.5,0.2240479216042202,0.8,-0.9
CME,2024-07-31,0.1812127100278253,0.5,0.09060635501391265,0.8,-0.9
CME,2024-08-07,0.3245542959453568,0.5,0.21636953063023787,0.8,-0.9
CME,2024-08-14,0.263027534016851,0.5,0.1315137670084255,0.8,-0.9
CME,2024-08-21,0.3239110381319251,0.5,0.10797034604397504,0.8,-0.9
CME,2024-08-28,0.44518219822759,0.5,0.667773297341385,0.8,-0.9
CME,2024-09-05,0.3311929010152336,0.5,0.1655964505076168,0.8,-0.9
CME,2024-09-12,0.34088421036031735,0.5,0.34088421036031735,0.8,-0.9
CME,2024-09-19,0.3784805641664609,0.5,0.18924028208323046,0.8,-0.9
CME,2024-09-26,0.6869228125153528,0.5,0.3434614062576764,0.8,-0.9
CME,2024-10-03,0.8130127825590492,0.5,0.5420085217060328,0.8,-0.9
CME,2024-10-10,0.7145415296052628,4.0,0.1786353824013157,0.8,-0.9
CME,2024-10-17,0.5885240099652124,0.5,0.8827860149478186,0.8,-0.9
CME,2024-10-24,0.9200757379639588,0.5,1.8401514759279176,0.8,-0.9
CME,2024-10-31,0.6817115312716979,2.0,2.045134593815094,0.8,-0.9
CME,2024-11-07,0.3182128821949686,0.5,0.1591064410974843,0.8,-0.9
CME,2024-11-14,0.5934833652241555,0.5,0.29674168261207773,0.8,-0.9
CME,2024-11-21,0.595436970771271,0.5,0.3969579805141807,0.8,-0.9
CME,2024-11-29,2.0,0.5,2.0,0.8,-0.9
CME,2024-12-06,2.0,0.5,2.0,0.8,-0.9
CME,2024-12-13,1.3298431329170077,0.5,1.3298431329170077,0.8,-0.9
CME,2024-12-20,1.1696670482280198,0.5,0.7797780321520131,0.8,-0.9
CME,2024-12-30,1.7634256270087236,0.5,1.7634256270087236,0.8,-0.9
CME,2025-01-07,3.0,0.5,2.0,0.8,-0.9
CME,2025-01-15,0.2258518588741803,0.5,0.11292592943709015,0.8,-0.9
CME,2025-01-23,0.49707315621930137,0.5,0.24853657810965069,0.8,-0.9
CME,2025-01-30,0.47517616595643936,0.5,0.9503523319128787,0.8,-0.9
CME,2025-02-06,1.4416544080159919,8.0,0.36041360200399797,0.8,-0.9
CME,2025-02-13,2.0,0.5,2.0,0.8,-0.9
CME,2025-02-21,1.720416032685263,0.5,1.1469440217901754,0.8,-0.9
CME,2025-02-28,3.0,0.5,2.0,0.8,-0.9
CME,2025-03-07,0.3882571643694344,0.5,0.25883810957962294,0.8,-0.9
CME,2025-03-14,2.0,0.5,2.0,0.8,-0.9
CME,2025-03-21,0.16841120565280993,0.5,0.08420560282640496,0.8,-0.9
CME,2025-03-28,0.3790466095534052,0.5,1.1371398286602155,0.8,-0.9
CME,2025-04-04,0.28951004051920415,8.0,0.14475502025960207,0.8,-0.9
CME,2025-04-11,0.2362631769089471,0.5,0.4725263538178942,0.8,-0.9
CME,2025-04-21,0.3638712565104165,0.5,0.727742513020833,0.8,-0.9
CME,2025-04-28,0.8758705721569378,0.5,0.5839137147712918,0.8,-0.9
CME,2025-05-05,0.9422230867014157,0.5,1.8844461734028315,0.8,-0.9
CME,2025-05-12,0.5621246059811399,0.5,0.5621246059811399,0.8,-0.9
CME,2025-05-19,0.9075474989662093,0.5,0.9075474989662093,0.8,-0.9
CME,2025-05-27,1.2118468920990737,0.5,0.8078979280660492,0.8,-0.9
CME,2025-06-03,2.0,0.5,2.0,0.8,-0.9
CME,2025-06-10,0.5255498435862158,0.5,0.5255498435862158,0.8,-0.9
CME,2025-06-17,0.17764935931899642,0.5,0.08882467965949821,0.8,-0.9
CME,2025-06-25,0.2522785884661835,0.5,0.12613929423309175,0.8,-0.9
CME,2025-07-02,0.41772923875432516,0.5,0.20886461937716258,0.8,-0.9
CME,2025-07-10,0.08853665233363765,0.5,0.059024434889091766,0.8,-0.9
CME,2025-07-17,0.22923284841954022,0.5,0.3056437978927203,0.8,-0.9
CME,2025-07-24,0.17819504547359133,0.5,0.35639009094718266,0.8,-0.9
CME,2025-07-31,0.26835775396632305,0.5,0.17890516931088205,0.8,-0.9
CME,2025-08-07,1.3568529581971673,0.5,1.3568529581971673,0.8,-0.9
CME,2025-08-14,0.6484561559246268,0.5,0.4323041039497512,0.8,-0.9
CME,2025-08-21,0.3894233648180816,0.5,0.2920675236135612,0.8,-0.9
CME,2025-08-28,0.49159861863261517,0.5,0.24579930931630758,0.8,-0.9
CPB,2024-01-02,0.06857161591350677,0.5,0.10285742387026016,0.8,-0.9
CPB,2024-01-09,0.06286930035614599,0.5,0.031434650178072995,0.8,-0.9
CPB,2024-01-17,0.06159084635652969,0.5,0.030795423178264846,0.8,-0.9
CPB,2024-01-24,0.05174206149193546,0.5,0.03449470766129031,0.8,-0.9
CPB,2024-01-31,0.07502549773347326,0.5,0.056269123300104945,0.8,-0.9
CPB,2024-02-07,0.04371409830610989,8.0,0.06557114745916483,0.2,-0.3
CPB,2024-02-14,0.09857511840054056,8.0,0.14786267760081084,0.2,-0.3
CPB,2024-02-22,0.09297608499568047,4.0,0.046488042497840235,0.8,-0.7
CPB,2024-02-29,0.11593622828741877,2.0,0.057968114143709386,0.8,-0.9
CPB,2024-03-07,0.053517288867247804,8.0,0.08027593330087171,0.2,-0.3
CPB,2024-03-14,0.06386736481466077,4.0,0.03193368240733038,0.2,-0.3
CPB,2024-03-21,0.061409942212013895,2.0,0.030704971106006947,0.8,-0.3
CPB,2024-03-28,0.06975287547931823,0.5,0.06975287547931823,0.8,-0.9
CPB,2024-04-05,0.051696070786630244,0.5,0.03446404719108683,0.8,-0.9
CPB,2024-04-12,0.04900948327717679,8.0,0.06534597770290239,0.8,-0.9
CPB,2024-04-19,0.04809516781919379,8.0,0.04809516781919379,0.5,-0.7
CPB,2024-04-26,0.0642696278576356,0.5,0.0321348139288178,0.8,-0.9
CPB,2024-05-03,0.03261822719246463,0.5,0.04892734078869694,0.8,-0.9
CPB,2024-05-10,0.06160610748929204,0.5,0.06160610748929204,0.8,-0.9
CPB,2024-05-17,0.14488429320174054,0.5,0.14488429320174054,0.8,-0.9
CPB,2024-05-24,0.09320923681972793,8.0,0.09320923681972793,0.8,-0.7
CPB,2024-06-03,0.12227495793096956,8.0,0.040758319310323185,0.8,-0.9
CPB,2024-06-10,0.04320989775426902,8.0,0.12962969326280704,0.2,-0.3
CPB,2024-06-17,0.0433118142940364,0.5,0.1299354428821092,0.8,-0.9
CPB,2024-06-25,0.047491151227251664,0.5,0.03166076748483444,0.8,-0.3
CPB,2024-07-02,0.06789386671244471,8.0,0.13578773342488942,0.5,-0.7
CPB,2024-07-10,0.0505678161021353,0.5,0.033711877401423535,0.8,-0.9
CPB,2024-07-17,0.2448860842017887,0.5,0.16325738946785914,0.8,-0.9
CPB,2024-07-24,0.08040858420030106,0.5,0.08040858420030106,0.8,-0.9
CPB,2024-07-31,0.10712417710335144,0.5,0.05356208855167572,0.8,-0.9
CPB,2024-08-07,0.208401523487172,0.5,0.208401523487172,0.8,-0.9
CPB,2024-08-14,0.12776109766077118,0.5,0.06388054883038559,0.8,-0.9
CPB,2024-08-21,0.08963168513969517,0.5,0.029877228379898393,0.8,-0.9
CPB,2024-08-28,0.11471239098837209,8.0,0.057356195494186045,0.8,-0.9
CPB,2024-09-05,0.08578625164721387,1.0,0.02859541721573796,0.8,-0.9
CPB,2024-09-12,0.061093518273305086,1.0,0.12218703654661017,0.8,-0.3
CPB,2024-09-19,0.045966987454161376,8.0,0.09193397490832275,0.8,-0.9
CPB,2024-09-26,0.09600000000000004,8.0,0.04800000000000002,0.2,-0.3
CPB,2024-10-03,0.050529688756065186,8.0,0.10105937751213037,0.2,-0.3
CPB,2024-10-10,0.04401348255298756,4.0,0.13204044765896267,0.5,-0.3
CPB,2024-10-17,0.05178288935008141,8.0,0.07767433402512211,0.2,-0.3
CPB,2024-10-24,0.07816159336612412,8.0,0.07816159336612412,0.2,-0.3
CPB,2024-10-31,0.10193948672334761,8.0,0.1529092300850214,0.2,-0.3
CPB,2024-11-07,0.08099472488256253,8.0,0.05399648325504169,0.2,-0.3
CPB,2024-11-14,0.10378292151987208,8.0,0.05189146075993604,0.2,-0.3
CPB,2024-11-21,0.0906419226992144,8.0,0.060427948466142925,0.2,-0.3
CPB,2024-11-29,0.07917846942410534,0.5,0.118767704136158,0.8,-0.5
CPB,2024-12-06,0.045344970650045544,8.0,0.022672485325022772,0.2,-0.3
CPB,2024-12-13,0.06172547017049112,8.0,0.03086273508524556,0.2,-0.3
CPB,2024-12-20,0.04136483076202618,0.5,0.03102362307151963,0.2,-0.3
CPB,2024-12-30,0.09002117351726728,8.0,0.09002117351726728,0.2,-0.3
CPB,2025-01-07,0.11134217321940405,8.0,0.05567108660970203,0.2,-0.3
CPB,2025-01-15,0.28378632999234465,8.0,0.2128397474942585,0.2,-0.3
CPB,2025-01-23,0.07706192680027174,8.0,0.11559289020040761,0.2,-0.3
CPB,2025-01-30,0.09321738262565767,8.0,0.1398260739384865,0.2,-0.3
CPB,2025-02-06,0.22768702088927711,8.0,0.11384351044463856,0.2,-0.3
CPB,2025-02-13,0.07906657509688284,8.0,0.15813315019376567,0.2,-0.3
CPB,2025-02-21,0.14493484217605307,8.0,0.03623371054401327,0.8,-0.9
CPB,2025-02-28,0.16247167863856068,8.0,0.08123583931928034,0.8,-0.3
CPB,2025-03-07,0.12763770772539595,2.0,0.06381885386269798,0.8,-0.9
CPB,2025-03-14,0.08674912688000296,8.0,0.13012369032000443,0.2,-0.3
CPB,2025-03-21,0.11438753475272988,8.0,0.11438753475272988,0.2,-0.3
CPB,2025-03-28,0.08777711596237192,0.5,0.08777711596237192,0.8,-0.9
CPB,2025-04-04,0.1667097718309727,8.0,0.25006465774645903,0.2,-0.3
CPB,2025-04-11,0.32652857616549513,8.0,0.08163214404137378,0.2,-0.3
CPB,2025-04-21,0.10946525907392399,4.0,0.054732629536961994,0.2,-0.3
CPB,2025-04-28,0.1496471463545471,8.0,0.1496471463545471,0.2,-0.3
CPB,2025-05-05,0.1959319552769857,8.0,0.1959319552769857,0.2,-0.3
CPB,2025-05-12,0.14580925461058225,0.5,0.10935694095793669,0.2,-0.3
CPB,2025-05-19,0.16282803256815842,8.0,0.054276010856052805,0.2,-0.3
CPB,2025-05-27,0.10829154727009276,8.0,0.0721943648467285,0.2,-0.3
CPB,2025-06-03,0.08697038177636282,8.0,0.17394076355272564,0.2,-0.3
CPB,2025-06-10,0.10579710144927532,0.5,0.07934782608695648,0.2,-0.3
CPB,2025-06-17,0.27491042947509886,8.0,0.13745521473754943,0.2,-0.3
CPB,2025-06-25,0.2447512725988834,8.0,0.08158375753296114,0.2,-0.3
CPB,2025-07-02,0.09077517600244873,0.5,0.06808138200183655,0.2,-0.3
CPB,2025-07-10,0.2442744740268641,4.0,0.1832058555201481,0.2,-0.3
CPB,2025-07-17,0.20114215023546334,8.0,0.13409476682364221,0.2,-0.3
CPB,2025-07-24,0.15391047469645952,0.5,0.11543285602234464,0.2,-0.3
CPB,2025-07-31,0.07045527229532164,8.0,0.21136581688596492,0.2,-0.3
CPB,2025-08-07,0.11085743801652893,8.0,0.1662861570247934,0.2,-0.3
CPB,2025-08-14,0.1328803530237689,8.0,0.19932052953565338,0.2,-0.3
CPB,2025-08-21,0.14325829893978748,8.0,0.21488744840968121,0.8,-0.9
CPB,2025-08-28,0.11378457671717591,8.0,0.34135373015152776,0.2,-0.3
DUK,2024-01-02,0.038832427502250896,0.5,0.0258882850015006,0.8,-0.9
DUK,2024-01-09,0.07716722668718193,8.0,0.038583613343590964,0.8,-0.9
DUK,2024-01-17,0.04505758382386888,0.5,0.06758637573580333,0.8,-0.9
DUK,2024-01-24,0.03660358078405396,8.0,0.054905371176080936,0.2,-0.3
DUK,2024-01-31,0.05023854770818906,8.0,0.01674618256939635,0.8,-0.5
DUK,2024-02-07,0.05461126369302444,8.0,0.01820375456434148,0.2,-0.3
DUK,2024-02-14,0.08791856929536009,8.0,0.08791856929536009,0.2,-0.3
DUK,2024-02-22,0.05583920926718711,8.0,0.03722613951145807,0.2,-0.3
DUK,2024-02-29,0.06986328125000002,8.0,0.06986328125000002,0.2,-0.3
DUK,2024-03-07,0.03956560393158302,2.0,0.013188534643861006,0.8,-0.3
DUK,2024-03-14,0.07518111282578878,0.5,0.03759055641289439,0.8,-0.9
DUK,2024-03-21,0.04810759253545249,0.5,0.024053796267726246,0.8,-0.9
DUK,2024-03-28,0.029874623245089396,2.0,0.044811934867634094,0.8,-0.9
DUK,2024-04-05,0.031105742550764242,4.0,0.04665861382614636,0.8,-0.9
DUK,2024-04-12,0.048412805760288856,8.0,0.048412805760288856,0.2,-0.3
DUK,2024-04-19,0.08978698030025722,1.0,0.029928993433419072,0.8,-0.9
DUK,2024-04-26,0.05694097497032053,0.5,0.0854114624554808,0.8,-0.9
DUK,2024-05-03,0.13654098239018594,0.5,0.06827049119509297,0.8,-0.9
DUK,2024-05-10,0.20487958287106392,0.5,0.10243979143553196,0.8,-0.9
DUK,2024-05-17,0.06295180664062495,0.5,0.020983935546874985,0.8,-0.9
DUK,2024-05-24,0.13907432541056589,0.5,0.06953716270528294,0.8,-0.9
DUK,2024-06-03,0.13758700530535461,0.5,0.06879350265267731,0.8,-0.9
DUK,2024-06-10,0.1298144206630886,0.5,0.17308589421745146,0.8,-0.9
DUK,2024-06-17,0.0967635474376731,0.5,0.04838177371883655,0.8,-0.9
DUK,2024-06-25,0.09321555069829181,0.5,0.046607775349145904,0.8,-0.9
DUK,2024-07-02,0.11244551490956489,0.5,0.056222757454782446,0.8,-0.9
DUK,2024-07-10,0.06561073369565218,2.0,0.02187024456521739,0.8,-0.9
DUK,2024-07-17,0.0682565681558117,0.5,0.03412828407790585,0.8,-0.9
DUK,2024-07-24,0.04815779258618056,0.5,0.04815779258618056,0.8,-0.9
DUK,2024-07-31,0.09446625886140048,0.5,0.06297750590760032,0.8,-0.9
DUK,2024-08-07,0.1494373247874648,0.5,0.1494373247874648,0.8,-0.9
DUK,2024-08-14,0.07059277156753832,0.5,0.03529638578376916,0.8,-0.9
DUK,2024-08-21,0.06870301866436813,0.5,0.03435150933218407,0.8,-0.9
DUK,2024-08-28,0.041826075961567226,0.5,0.02788405064104482,0.8,-0.9
DUK,2024-09-05,0.12384917624397378,0.5,0.12384917624397378,0.8,-0.9
DUK,2024-09-12,0.08114384650421345,0.5,0.05409589766947564,0.8,-0.9
DUK,2024-09-19,0.08135465555090479,0.5,0.040677327775452396,0.8,-0.9
DUK,2024-09-26,0.10052775462528177,0.5,0.050263877312640884,0.8,-0.9
DUK,2024-10-03,0.15075172064062073,0.5,0.07537586032031036,0.8,-0.9
DUK,2024-10-10,0.06843749999999997,0.5,0.051328124999999974,0.8,-0.9
DUK,2024-10-17,0.10223577211620635,0.5,0.051117886058103176,0.8,-0.9
DUK,2024-10-24,0.10067669249202807,0.5,0.050338346246014035,0.8,-0.9
DUK,2024-10-31,0.08445096101462402,2.0,0.16890192202924803,0.8,-0.5
DUK,2024-11-07,0.04689461463581051,8.0,0.03126307642387367,0.8,-0.7
DUK,2024-11-14,0.03466592957421038,1.0,0.06933185914842076,0.8,-0.3
DUK,2024-11-21,0.0422184207375479,0.5,0.06332763110632185,0.8,-0.9
DUK,2024-11-29,0.04124581473214285,0.5,0.02749720982142857,0.8,-0.9
DUK,2024-12-06,0.19922948997307255,0.5,0.19922948997307255,0.8,-0.9
DUK,2024-12-13,0.1042807492230523,0.5,0.1042807492230523,0.8,-0.9
DUK,2024-12-20,0.21977431379045761,0.5,0.10988715689522881,0.8,-0.9
DUK,2024-12-30,0.18279878358615895,0.5,0.12186585572410596,0.8,-0.9
DUK,2025-01-07,0.3425439453124999,0.5,0.17127197265624994,0.8,-0.9
DUK,2025-01-15,0.054176541816050756,0.5,0.027088270908025378,0.8,-0.9
DUK,2025-01-23,0.08390222398426161,0.5,0.04195111199213081,0.8,-0.9
DUK,2025-01-30,0.10410852937244948,0.5,0.05205426468622474,0.8,-0.9
DUK,2025-02-06,0.0751263224097031,0.5,0.03756316120485155,0.8,-0.9
DUK,2025-02-13,0.05991859475030104,8.0,0.02995929737515052,0.8,-0.9
DUK,2025-02-21,0.09980468749999995,0.5,0.049902343749999974,0.8,-0.9
DUK,2025-02-28,0.11948387749501915,0.5,0.07965591833001277,0.8,-0.9
DUK,2025-03-07,0.08962363304309325,0.5,0.0597490886953955,0.8,-0.9
DUK,2025-03-14,0.10064532653539938,0.5,0.06709688435693292,0.8,-0.9
DUK,2025-03-21,0.044406644665970864,0.5,0.0666099669989563,0.8,-0.9
DUK,2025-03-28,0.09109906663516067,0.5,0.04554953331758033,0.8,-0.9
DUK,2025-04-04,0.13214911321796508,8.0,0.044049704405988356,0.8,-0.9
DUK,2025-04-11,0.11493532950948178,0.5,0.05746766475474089,0.8,-0.9
DUK,2025-04-21,0.05333610026041665,4.0,0.1066722005208333,0.8,-0.5
DUK,2025-04-28,0.061908651281286156,2.0,0.12381730256257231,0.8,-0.9
DUK,2025-05-05,0.11359778180172021,0.5,0.056798890900860106,0.8,-0.9
DUK,2025-05-12,0.03459033587325101,2.0,0.06918067174650203,0.8,-0.3
DUK,2025-05-19,0.0562092957940329,0.5,0.02810464789701645,0.8,-0.9
DUK,2025-05-27,0.1272647237646349,0.5,0.06363236188231745,0.8,-0.9
DUK,2025-06-03,0.05377846687469884,0.5,0.03585231124979923,0.8,-0.9
DUK,2025-06-10,0.05502814264522921,0.5,0.027514071322614606,0.8,-0.9
DUK,2025-06-17,0.053646169354838694,0.5,0.08046925403225805,0.8,-0.9
DUK,2025-06-25,0.09152093088431246,0.5,0.1830418617686249,0.8,-0.9
DUK,2025-07-02,0.07532021920674076,2.0,0.025106739735580252,0.8,-0.9
DUK,2025-07-10,0.08152018844517958,0.5,0.05434679229678639,0.8,-0.9
DUK,2025-07-17,0.06642100711419653,0.5,0.033210503557098266,0.8,-0.9
DUK,2025-07-24,0.10903805787375166,0.5,0.05451902893687583,0.8,-0.9
DUK,2025-07-31,0.1452771070448698,0.5,0.09685140469657985,0.8,-0.9
DUK,2025-08-07,0.10003959971575432,0.5,0.10003959971575432,0.8,-0.9
DUK,2025-08-14,0.054679701063368065,0.5,0.027339850531684032,0.8,-0.9
DUK,2025-08-21,0.09636314655172415,0.5,0.048181573275862075,0.8,-0.9
DUK,2025-08-28,0.04607470091745908,0.5,0.09214940183491815,0.8,-0.9
DVN,2024-01-02,0.08169417435949604,8.0,0.10892556581266138,0.2,-0.3
DVN,2024-01-09,0.06442691858699164,8.0,0.06442691858699164,0.2,-0.3
DVN,2024-01-17,0.12034120395437112,8.0,0.1805118059315567,0.2,-0.3
DVN,2024-01-24,0.09704436021913102,8.0,0.14556654032869654,0.2,-0.3
DVN,2024-01-31,0.0874228883712535,8.0,0.13113433255688026,0.2,-0.3
DVN,2024-02-07,0.1832079614408788,8.0,0.1832079614408788,0.2,-0.3
DVN,2024-02-14,0.19124616145809326,8.0,0.047811540364523314,0.2,-0.3
DVN,2024-02-22,0.14572948145558623,0.5,0.21859422218337934,0.8,-0.9
DVN,2024-02-29,0.09377166107458018,8.0,0.06251444071638679,0.2,-0.3
DVN,2024-03-07,0.08986110279192043,2.0,0.05990740186128029,0.8,-0.7
DVN,2024-03-14,0.055741677181535075,0.5,0.08361251577230261,0.8,-0.9
DVN,2024-03-21,0.1026150892452952,0.5,0.0769613169339714,0.8,-0.9
DVN,2024-03-28,0.07340139460975523,0.5,0.14680278921951045,0.8,-0.9
DVN,2024-04-05,0.19954042779701964,0.5,0.14965532084776473,0.8,-0.9
DVN,2024-04-12,0.08519288716969169,0.5,0.05679525811312779,0.8,-0.9
DVN,2024-04-19,0.11196654960505059,4.0,0.07464436640336707,0.8,-0.9
DVN,2024-04-26,0.1670420727860839,8.0,0.11136138185738928,0.8,-0.9
DVN,2024-05-03,0.057404280334249096,8.0,0.08610642050137364,0.8,-0.9
DVN,2024-05-10,0.04710794828869045,4.0,0.14132384486607136,0.2,-0.3
DVN,2024-05-17,0.030249443609022545,0.5,0.030249443609022545,0.8,-0.3
DVN,2024-05-24,0.06801708835506139,8.0,0.10202563253259209,0.2,-0.3
DVN,2024-06-03,0.16484361792286842,8.0,0.08242180896143421,0.2,-0.3
DVN,2024-06-10,0.08267337274844613,8.0,0.1240100591226692,0.2,-0.3
DVN,2024-06-17,0.05307728211818892,8.0,0.15923184635456678,0.2,-0.3
DVN,2024-06-25,0.07636472049347635,0.5,0.07636472049347635,0.8,-0.9
DVN,2024-07-02,0.13283136056191466,0.5,0.19924704084287198,0.8,-0.9
DVN,2024-07-10,0.03632162331783201,8.0,0.10896486995349602,0.2,-0.3
DVN,2024-07-17,0.09710894902796637,0.5,0.04855447451398318,0.8,-0.9
DVN,2024-07-24,0.14077505674547047,4.0,0.28155011349094095,0.2,-0.3
DVN,2024-07-31,0.1383974755485155,0.5,0.04613249184950517,0.8,-0.9
DVN,2024-08-07,0.0920573738263187,8.0,0.13808606073947804,0.2,-0.3
DVN,2024-08-14,0.08963154658108191,2.0,0.029877182193693973,0.5,-0.9
DVN,2024-08-21,0.12301494675251054,8.0,0.12301494675251054,0.2,-0.3
DVN,2024-08-28,0.05108847539384988,8.0,0.07663271309077482,0.2,-0.5
DVN,2024-09-05,0.1623246808947261,8.0,0.24348702134208916,0.2,-0.3
DVN,2024-09-12,0.12165718125489587,0.5,0.0912428859411719,0.2,-0.3
DVN,2024-09-19,0.08873574799315107,8.0,0.08873574799315107,0.2,-0.3
DVN,2024-09-26,0.17246217635940644,0.5,0.12934663226955484,0.2,-0.3
DVN,2024-10-03,0.14933132992025303,0.5,0.07466566496012651,0.8,-0.9
DVN,2024-10-10,0.1603840359150873,0.5,0.48115210774526185,0.8,-0.9
DVN,2024-10-17,0.14695560964373355,8.0,0.07347780482186678,0.2,-0.3
DVN,2024-10-24,0.17174550667672114,0.5,0.12880913000754085,0.2,-0.3
DVN,2024-10-31,0.2372880208333333,8.0,0.35593203124999995,0.2,-0.3
DVN,2024-11-07,0.07647976171875001,0.5,0.05735982128906251,0.2,-0.3
DVN,2024-11-14,0.07129806364425506,0.5,0.053473547733191296,0.2,-0.3
DVN,2024-11-21,0.07907740216514254,8.0,0.11861610324771382,0.2,-0.3
DVN,2024-11-29,0.062278941717219406,8.0,0.031139470858609703,0.2,-0.3
DVN,2024-12-06,0.7315275025299376,2.0,2.194582507589813,0.2,-0.3
DVN,2024-12-13,0.21727560534596257,4.0,0.14485040356397505,0.2,-0.3
DVN,2024-12-20,0.4254968990983288,8.0,0.1063742247745822,0.2,-0.3
DVN,2024-12-30,0.26658887449924673,8.0,0.13329443724962337,0.2,-0.3
DVN,2025-01-07,0.11985759162303664,8.0,0.02996439790575916,0.2,-0.3
DVN,2025-01-15,0.39764345021426706,4.0,0.26509563347617804,0.8,-0.9
DVN,2025-01-23,0.12531395371189114,0.5,0.09398546528391835,0.2,-0.3
DVN,2025-01-30,0.18937903418556656,8.0,0.25250537891408875,0.2,-0.3
DVN,2025-02-06,0.3599137146832191,8.0,0.3599137146832191,0.2,-0.3
DVN,2025-02-13,0.11377200080663649,4.0,0.22754400161327298,0.2,-0.3
DVN,2025-02-21,0.09865199625150001,4.0,0.2959559887545,0.8,-0.9
DVN,2025-02-28,0.14000585063862878,8.0,0.04666861687954293,0.2,-0.3
DVN,2025-03-07,0.2265626002397487,8.0,0.2265626002397487,0.2,-0.3
DVN,2025-03-14,0.2605077509161715,8.0,0.06512693772904288,0.2,-0.3
DVN,2025-03-21,0.10333616702731478,0.5,0.15500425054097217,0.8,-0.9
DVN,2025-03-28,0.10531494277384526,2.0,0.21062988554769052,0.8,-0.9
DVN,2025-04-04,1.917174211774553,4.0,0.6390580705915176,0.2,-0.3
DVN,2025-04-11,1.6929811766017533,8.0,1.1286541177345022,0.2,-0.3
DVN,2025-04-21,0.32146106309329153,8.0,0.4286147507910554,0.2,-0.3
DVN,2025-04-28,0.34340558354430384,8.0,0.11446852784810128,0.8,-0.9
DVN,2025-05-05,0.18159864030693124,8.0,0.18159864030693124,0.2,-0.3
DVN,2025-05-12,0.2137738920105291,1.0,0.0712579640035097,0.8,-0.9
DVN,2025-05-19,0.1399942604804906,1.0,0.046664753493496865,0.8,-0.3
DVN,2025-05-27,0.051192022849762334,8.0,0.15357606854928701,0.2,-0.3
DVN,2025-06-03,0.06894454482714439,8.0,0.13788908965428878,0.2,-0.3
DVN,2025-06-10,0.13045547388088755,2.0,0.06522773694044377,0.8,-0.9
DVN,2025-06-17,0.15229565935419917,0.5,0.10153043956946611,0.8,-0.9
DVN,2025-06-25,0.11197417395562174,8.0,0.3359225218668652,0.2,-0.3
DVN,2025-07-02,0.06058312677802201,8.0,0.181749380334066,0.2,-0.3
DVN,2025-07-10,0.11932383185032643,0.5,0.17898574777548965,0.8,-0.9
DVN,2025-07-17,0.1371110918053772,8.0,0.09140739453691814,0.2,-0.3
DVN,2025-07-24,0.15101894127940202,8.0,0.05033964709313401,0.2,-0.3
DVN,2025-07-31,0.2245851891482865,8.0,0.0748617297160955,0.2,-0.3
DVN,2025-08-07,0.14543772729384852,8.0,0.21815659094077278,0.2,-0.3
DVN,2025-08-14,0.1499633979925173,0.5,0.1499633979925173,0.8,-0.9
DVN,2025-08-21,0.14168701171874998,8.0,0.0944580078125,0.2,-0.3
DVN,2025-08-28,0.08996661636894213,0.5,0.05997774424596142,0.8,-0.9
ED,2024-01-02,0.1414219447779112,0.5,0.09428129651860746,0.8,-0.9
ED,2024-01-09,0.07561187229561346,0.5,0.03780593614780673,0.8,-0.9
ED,2024-01-17,0.0662821239606954,0.5,0.0662821239606954,0.8,-0.9
ED,2024-01-24,0.08240230555137654,0.5,0.04120115277568827,0.8,-0.9
ED,2024-01-31,0.04663212614239386,4.0,0.03108808409492924,0.8,-0.9
ED,2024-02-07,0.03913599570981444,8.0,0.01956799785490722,0.2,-0.3
ED,2024-02-14,0.050203048643261305,8.0,0.07530457296489196,0.2,-0.3
ED,2024-02-22,0.041285470566973737,8.0,0.041285470566973737,0.2,-0.3
ED,2024-02-29,0.06269353780864201,8.0,0.12538707561728402,0.2,-0.3
ED,2024-03-07,0.02999205758692365,2.0,0.0599841151738473,0.8,-0.3
ED,2024-03-14,0.024457738777792067,8.0,0.04891547755558413,0.2,-0.3
ED,2024-03-21,0.024592678026221265,8.0,0.03279023736829502,0.2,-0.3
ED,2024-03-28,0.03556007606933534,0.5,0.01778003803466767,0.8,-0.9
ED,2024-04-05,0.08808477486232584,1.0,0.02202119371558146,0.8,-0.9
ED,2024-04-12,0.0547851166180758,1.0,0.0821776749271137,0.8,-0.9
ED,2024-04-19,0.09234536210317458,0.5,0.04617268105158729,0.8,-0.9
ED,2024-04-26,0.10311765140431797,0.5,0.051558825702158986,0.8,-0.9
ED,2024-05-03,0.247364248006001,0.5,0.16490949867066731,0.8,-0.9
ED,2024-05-10,0.11718638830125318,0.5,0.05859319415062659,0.8,-0.9
ED,2024-05-17,0.09435550697162427,0.5,0.047177753485812136,0.8,-0.9
ED,2024-05-24,0.0634693959454501,0.5,0.03173469797272505,0.8,-0.9
ED,2024-06-03,0.0547812544591895,0.5,0.036520836306126334,0.8,-0.9
ED,2024-06-10,0.02681179034333452,1.0,0.03574905379111269,0.2,-0.3
ED,2024-06-17,0.032089191043873255,8.0,0.032089191043873255,0.2,-0.3
ED,2024-06-25,0.019912684143652472,4.0,0.039825368287304944,0.2,-0.3
ED,2024-07-02,0.01243028606118373,8.0,0.03729085818355119,0.2,-0.3
ED,2024-07-10,0.03481545169563524,4.0,0.05222317754345286,0.8,-0.9
ED,2024-07-17,0.10453739879860148,0.5,0.05226869939930074,0.8,-0.9
ED,2024-07-24,0.19457018078970711,0.5,0.12971345385980473,0.8,-0.9
ED,2024-07-31,0.23798798298148957,0.5,0.47597596596297914,0.8,-0.9
ED,2024-08-07,0.19055024784815466,4.0,0.06351674928271822,0.8,-0.9
ED,2024-08-14,0.12540771114864857,0.5,0.06270385557432429,0.8,-0.9
ED,2024-08-21,0.12588545629666825,0.5,0.2517709125933365,0.8,-0.9
ED,2024-08-28,0.15843126962560386,0.5,0.07921563481280193,0.8,-0.9
ED,2024-09-05,0.1215672443638809,0.5,0.0405224147879603,0.8,-0.9
ED,2024-09-12,0.10574418989751444,4.0,0.03524806329917148,0.8,-0.9
ED,2024-09-19,0.07613878246062152,0.5,0.11420817369093228,0.8,-0.9
ED,2024-09-26,0.11903771987217149,0.5,0.059518859936085744,0.8,-0.9
ED,2024-10-03,0.15783577985131242,8.0,0.05261192661710414,0.8,-0.9
ED,2024-10-10,0.05735584678069124,0.5,0.08603377017103686,0.8,-0.9
ED,2024-10-17,0.3124774818810297,0.5,0.3124774818810297,0.8,-0.9
ED,2024-10-24,0.43018994680533124,0.5,0.21509497340266562,0.8,-0.9
ED,2024-10-31,0.3412396121883656,0.5,0.1706198060941828,0.8,-0.9
ED,2024-11-07,0.12242218523806364,0.5,0.1632295803174182,0.8,-0.9
ED,2024-11-14,0.04974451506686864,0.5,0.07461677260030296,0.8,-0.9
ED,2024-11-21,0.0903764269559732,0.5,0.030125475651991068,0.8,-0.9
ED,2024-11-29,0.19355086729982846,0.5,0.29032630094974265,0.8,-0.9
ED,2024-12-06,0.0607094053857376,0.5,0.040472936923825066,0.8,-0.9
ED,2024-12-13,0.03028783532222238,4.0,0.04038378042962984,0.8,-0.5
ED,2024-12-20,0.034580189598183646,4.0,0.017290094799091823,0.8,-0.3
ED,2024-12-30,0.03227158395133172,8.0,0.043028778601775626,0.2,-0.3
ED,2025-01-07,0.035638025999305704,8.0,0.035638025999305704,0.2,-0.3
ED,2025-01-15,0.038392039681463874,4.0,0.019196019840731937,0.2,-0.3
ED,2025-01-23,0.03667188238072744,8.0,0.048895843174303254,0.2,-0.3
ED,2025-01-30,0.0696909295221046,0.5,0.0348454647610523,0.8,-0.9
ED,2025-02-06,0.07506615827079147,0.5,0.03753307913539573,0.8,-0.9
ED,2025-02-13,0.032175245691775614,0.5,0.016087622845887807,0.8,-0.9
ED,2025-02-21,0.0988564298115079,0.5,0.04942821490575395,0.8,-0.9
ED,2025-02-28,0.16219434562740917,0.5,0.24329151844111374,0.8,-0.9
ED,2025-03-07,0.16229334025627967,0.5,0.05409778008542655,0.8,-0.9
ED,2025-03-14,0.33039631836229943,8.0,0.11013210612076647,0.8,-0.9
ED,2025-03-21,0.22846296296296298,0.5,0.11423148148148149,0.8,-0.9
ED,2025-03-28,0.28884585503472215,1.0,0.8665375651041665,0.8,-0.9
ED,2025-04-04,0.34430957557664765,0.5,0.5164643633649715,0.8,-0.9
ED,2025-04-11,0.4481724852721489,0.5,0.22408624263607446,0.8,-0.9
ED,2025-04-21,0.5080303254437873,0.5,0.2540151627218937,0.8,-0.9
ED,2025-04-28,0.6626273833004601,0.5,0.33131369165023006,0.8,-0.9
ED,2025-05-05,0.56526897885101,4.0,1.69580693655303,0.8,-0.9
ED,2025-05-12,0.12892962072649575,8.0,0.12892962072649575,0.2,-0.3
ED,2025-05-19,0.044621672453703715,2.0,0.08924334490740743,0.8,-0.5
ED,2025-05-27,0.030177135536409785,8.0,0.06035427107281957,0.2,-0.3
ED,2025-06-03,0.05296139289048953,8.0,0.05296139289048953,0.2,-0.3
ED,2025-06-10,0.04923964786529538,0.5,0.03282643191019692,0.8,-0.9
ED,2025-06-17,0.09487976844361977,0.5,0.047439884221809885,0.8,-0.9
ED,2025-06-25,0.05700842641425834,4.0,0.02850421320712917,0.8,-0.9
ED,2025-07-02,0.13457008504579118,0.5,0.04485669501526373,0.8,-0.9
ED,2025-07-10,0.23993813245519813,0.5,0.11996906622759906,0.8,-0.9
ED,2025-07-17,0.1787328783524903,0.5,0.1787328783524903,0.8,-0.9
ED,2025-07-24,0.2059054884020258,0.5,0.3088582326030387,0.8,-0.9
ED,2025-07-31,0.46181473337950135,0.5,0.23090736668975068,0.8,-0.9
ED,2025-08-07,0.13208981434473582,0.5,0.08805987622982389,0.8,-0.9
ED,2025-08-14,0.06463566419813364,0.5,0.09695349629720046,0.8,-0.9
ED,2025-08-21,0.05065087890625,0.5,0.025325439453125,0.8,-0.9
ED,2025-08-28,0.042368273568193435,0.5,0.06355241035229015,0.8,-0.9
EXC,2024-01-02,5.438596580500712,0.5,4.078947435375534,0.2,-0.3
EXC,2024-01-09,0.2474791289995616,8.0,0.0618697822498904,0.2,-0.3
EXC,2024-01-17,0.12541112163683954,8.0,0.06270556081841977,0.2,-0.3
EXC,2024-01-24,0.20242573302469138,8.0,0.10121286651234569,0.2,-0.3
EXC,2024-01-31,0.07588723962798638,8.0,0.03794361981399319,0.2,-0.3
EXC,2024-02-07,0.07621448863636365,8.0,0.22864346590909096,0.2,-0.3
EXC,2024-02-14,0.1079220065975226,1.0,0.0359740021991742,0.8,-0.5
EXC,2024-02-22,0.11060606060606057,0.5,0.036868686868686856,0.8,-0.9
EXC,2024-02-29,0.06600839120370369,0.5,0.033004195601851846,0.8,-0.9
EXC,2024-03-07,0.03920492873036216,4.0,0.05880739309554324,0.8,-0.3
EXC,2024-03-14,0.09523371307090218,0.5,0.07142528480317664,0.2,-0.3
EXC,2024-03-21,0.12414178335203696,8.0,0.12414178335203696,0.2,-0.3
EXC,2024-03-28,0.10535237498879323,8.0,0.10535237498879323,0.2,-0.3
EXC,2024-04-05,0.052662277832416414,8.0,0.07899341674862462,0.2,-0.3
EXC,2024-04-12,0.045634052579365064,8.0,0.09126810515873013,0.2,-0.3
EXC,2024-04-19,0.06613478731959514,0.5,0.0992021809793927,0.8,-0.9
EXC,2024-04-26,0.11314897637743919,4.0,0.037716325459146396,0.8,-0.9
EXC,2024-05-03,0.05093522387916391,0.5,0.025467611939581955,0.8,-0.9
EXC,2024-05-10,0.03682396592228909,0.5,0.049098621229718795,0.8,-0.9
EXC,2024-05-17,0.04988165572236512,0.5,0.016627218574121708,0.8,-0.9
EXC,2024-05-24,0.06813008949239417,0.5,0.02271002983079806,0.8,-0.9
EXC,2024-06-03,0.1304814586900684,0.5,0.043493819563356136,0.8,-0.9
EXC,2024-06-10,0.0424844823997307,1.0,0.0849689647994614,0.8,-0.9
EXC,2024-06-17,0.04498101405275653,0.5,0.06747152107913479,0.8,-0.9
EXC,2024-06-25,0.051442997936358655,8.0,0.07716449690453799,0.2,-0.3
EXC,2024-07-02,0.15704316645800545,0.5,0.1177823748435041,0.2,-0.3
EXC,2024-07-10,0.051521925839911414,8.0,0.07728288875986712,0.2,-0.3
EXC,2024-07-17,0.13259139231571182,0.5,0.19888708847356773,0.8,-0.9
EXC,2024-07-24,0.14629807516689033,0.5,0.21944711275033552,0.8,-0.9
EXC,2024-07-31,0.18185985331632654,0.5,0.27278977997448983,0.8,-0.9
EXC,2024-08-07,0.13586727189429015,0.5,0.06793363594714508,0.8,-0.9
EXC,2024-08-14,0.1170508997517925,0.5,0.05852544987589625,0.8,-0.9
EXC,2024-08-21,0.12252498264233282,0.5,0.06126249132116641,0.8,-0.9
EXC,2024-08-28,0.10416783152919427,0.5,0.05208391576459714,0.8,-0.9
EXC,2024-09-05,0.0694717676216992,0.5,0.05210382571627439,0.8,-0.9
EXC,2024-09-12,0.38998994554113464,0.5,0.38998994554113464,0.8,-0.9
EXC,2024-09-19,0.19757099710075351,0.5,0.09878549855037676,0.8,-0.9
EXC,2024-09-26,0.320431530511239,0.5,0.213621020340826,0.8,-0.9
EXC,2024-10-03,0.09805047923179791,0.5,0.049025239615898955,0.8,-0.9
EXC,2024-10-10,0.06863604013197361,0.5,0.13727208026394722,0.8,-0.9
EXC,2024-10-17,0.0599410250725874,0.5,0.0899115376088811,0.8,-0.9
EXC,2024-10-24,0.06319815895774146,0.5,0.0947972384366122,0.8,-0.9
EXC,2024-10-31,0.070132939198444,0.5,0.035066469599222,0.8,-0.9
EXC,2024-11-07,0.03136514497213793,4.0,0.007841286243034483,0.8,-0.3
EXC,2024-11-14,0.03629231905585181,8.0,0.05443847858377772,0.2,-0.3
EXC,2024-11-21,0.03591560427325237,0.5,0.05387340640987855,0.8,-0.9
EXC,2024-11-29,0.022631448412698416,8.0,0.04526289682539683,0.2,-0.3
EXC,2024-12-06,0.038992139847578836,0.5,0.025994759898385893,0.2,-0.3
EXC,2024-12-13,0.0605160072003611,8.0,0.09077401080054165,0.2,-0.3
EXC,2024-12-20,0.04444105709122722,8.0,0.06666158563684083,0.2,-0.3
EXC,2024-12-30,0.02852897295722401,8.0,0.05705794591444802,0.2,-0.3
EXC,2025-01-07,0.04566852713996132,8.0,0.09133705427992264,0.2,-0.3
EXC,2025-01-15,0.08423761713685926,0.5,0.02807920571228642,0.8,-0.9
EXC,2025-01-23,0.08566487068965517,0.5,0.12849730603448276,0.8,-0.9
EXC,2025-01-30,0.1268998272140991,0.5,0.0845998848093994,0.8,-0.9
EXC,2025-02-06,0.10108284809435937,0.5,0.06738856539623958,0.8,-0.9
EXC,2025-02-13,0.17109375000000002,0.5,0.17109375000000002,0.8,-0.9
EXC,2025-02-21,0.09148264703540392,0.5,0.13722397055310587,0.8,-0.9
EXC,2025-02-28,0.11416793096022945,0.5,0.0761119539734863,0.8,-0.9
EXC,2025-03-07,0.25558449074074074,0.5,0.08519483024691357,0.8,-0.9
EXC,2025-03-14,0.30438549765691697,0.5,0.20292366510461132,0.8,-0.9
EXC,2025-03-21,0.35834767433449083,0.5,0.5375215115017362,0.8,-0.9
EXC,2025-03-28,1.0807300794393928,0.5,3.2421902383181784,0.8,-0.9
EXC,2025-04-04,0.38473507218400094,8.0,0.12824502406133365,0.8,-0.9
EXC,2025-04-11,0.15131124557260917,0.5,0.22696686835891375,0.8,-0.9
EXC,2025-04-21,0.12028015545109517,0.5,0.06014007772554759,0.8,-0.9
EXC,2025-04-28,0.11703884280692728,0.5,0.05851942140346364,0.8,-0.9
EXC,2025-05-05,0.11962237760168597,0.5,0.05981118880084298,0.8,-0.9
EXC,2025-05-12,0.05685415003105314,0.5,0.02842707501552657,0.8,-0.9
EXC,2025-05-19,0.0808492587924416,0.5,0.0404246293962208,0.8,-0.9
EXC,2025-05-27,0.054598399895213624,0.5,0.10919679979042725,0.8,-0.9
EXC,2025-06-03,0.07475774770061575,0.5,0.03737887385030787,0.8,-0.9
EXC,2025-06-10,0.06425566819249369,0.5,0.04283711212832913,0.8,-0.9
EXC,2025-06-17,0.08007888584583871,0.5,0.040039442922919354,0.8,-0.9
EXC,2025-06-25,0.08603033443634742,0.5,0.04301516721817371,0.8,-0.9
EXC,2025-07-02,0.09221727538490093,0.5,0.023054318846225233,0.8,-0.9
EXC,2025-07-10,0.11192472782382182,0.5,0.07461648521588121,0.8,-0.9
EXC,2025-07-17,0.08132694973847926,0.5,0.12199042460771889,0.8,-0.9
EXC,2025-07-24,0.10476450168135433,0.5,0.052382250840677165,0.8,-0.9
EXC,2025-07-31,0.16873307066392734,0.5,0.08436653533196367,0.8,-0.9
EXC,2025-08-07,0.10986498638142989,0.5,0.05493249319071494,0.8,-0.9
EXC,2025-08-14,0.08911132812499997,0.5,0.13366699218749994,0.8,-0.9
EXC,2025-08-21,0.09315126849421307,0.5,0.046575634247106534,0.8,-0.9
EXC,2025-08-28,0.06828467365179695,0.5,0.03414233682589848,0.8,-0.9
GIS,2024-01-02,0.06772695286817881,0.5,0.04515130191211921,0.8,-0.9
GIS,2024-01-09,0.02777106143805177,8.0,0.05554212287610354,0.2,-0.3
GIS,2024-01-17,0.041107871816719856,8.0,0.041107871816719856,0.2,-0.3
GIS,2024-01-24,0.04275571308809039,2.0,0.08551142617618078,0.8,-0.7
GIS,2024-01-31,0.09156310040017832,0.5,0.02289077510004458,0.8,-0.9
GIS,2024-02-07,0.04480737326011594,2.0,0.04480737326011594,0.8,-0.3
GIS,2024-02-14,0.06541898527406455,0.5,0.049064238955548414,0.2,-0.3
GIS,2024-02-22,0.08365115454030589,8.0,0.055767436360203926,0.8,-0.9
GIS,2024-02-29,0.046946028393690095,8.0,0.09389205678738019,0.2,-0.3
GIS,2024-03-07,0.0826385012628936,1.0,0.1652770025257872,0.8,-0.3
GIS,2024-03-14,0.14290524417569175,0.5,0.21435786626353764,0.8,-0.9
GIS,2024-03-21,0.08336735217509217,0.5,0.05557823478339478,0.8,-0.9
GIS,2024-03-28,0.060043248367058176,1.0,0.030021624183529088,0.8,-0.9
GIS,2024-04-05,0.11566202699905272,0.5,0.11566202699905272,0.8,-0.9
GIS,2024-04-12,0.04461084796973314,8.0,0.04461084796973314,0.5,-0.9
GIS,2024-04-19,0.05150364307381607,0.5,0.025751821536908037,0.8,-0.9
GIS,2024-04-26,0.03757913989447041,4.0,0.025052759929646944,0.8,-0.9
GIS,2024-05-03,0.03887816902801536,0.5,0.025918779352010236,0.8,-0.9
GIS,2024-05-10,0.06798291644894949,0.5,0.06798291644894949,0.8,-0.9
GIS,2024-05-17,0.08052096983570596,0.5,0.12078145475355895,0.8,-0.9
GIS,2024-05-24,0.03463106806347988,8.0,0.06926213612695976,0.8,-0.9
GIS,2024-06-03,0.03692899115176457,8.0,0.07385798230352913,0.2,-0.3
GIS,2024-06-10,0.06370748177698649,8.0,0.09556122266547973,0.2,-0.3
GIS,2024-06-17,0.08201351743004819,0.5,0.04100675871502409,0.8,-0.9
GIS,2024-06-25,0.06921422454957496,4.0,0.023071408183191654,0.8,-0.3
GIS,2024-07-02,0.05934570078947107,8.0,0.08901855118420661,0.2,-0.3
GIS,2024-07-10,0.06334560274576452,8.0,0.03167280137288226,0.2,-0.3
GIS,2024-07-17,0.03656769046460305,1.0,0.0731353809292061,0.8,-0.3
GIS,2024-07-24,0.059641163538619,1.0,0.178923490615857,0.8,-0.9
GIS,2024-07-31,0.051380076890178025,0.5,0.034253384593452015,0.8,-0.9
GIS,2024-08-07,0.05656787109374997,0.5,0.037711914062499984,0.8,-0.9
GIS,2024-08-14,0.353155157928166,8.0,0.23543677195211066,0.8,-0.9
GIS,2024-08-21,0.2674180859753628,0.5,0.1337090429876814,0.8,-0.9
GIS,2024-08-28,0.16817275991765596,0.5,0.3363455198353119,0.8,-0.9
GIS,2024-09-05,0.19631182170456699,0.5,0.14723386627842525,0.8,-0.9
GIS,2024-09-12,0.18035431124858622,0.5,0.18035431124858622,0.8,-0.9
GIS,2024-09-19,0.1778250302792818,0.5,0.0889125151396409,0.8,-0.9
GIS,2024-09-26,0.16817920031930872,0.5,0.08408960015965436,0.8,-0.9
GIS,2024-10-03,0.0385201803782559,0.5,0.05778027056738385,0.8,-0.3
GIS,2024-10-10,0.03038101960366503,8.0,0.06076203920733006,0.8,-0.3
GIS,2024-10-17,0.08945554291719879,8.0,0.13418331437579817,0.2,-0.3
GIS,2024-10-24,0.202720021512888,8.0,0.135146681008592,0.2,-0.3
GIS,2024-10-31,0.2317279825604439,8.0,0.2317279825604439,0.2,-0.3
GIS,2024-11-07,0.11020422238918104,8.0,0.03673474079639368,0.2,-0.3
GIS,2024-11-14,0.045370809106536264,2.0,0.06049441214204835,0.2,-0.3
GIS,2024-11-21,0.048656736720397165,8.0,0.09731347344079433,0.2,-0.3
GIS,2024-11-29,0.08720651455026449,0.5,0.04360325727513224,0.8,-0.9
GIS,2024-12-06,0.1459146593901885,8.0,0.036478664847547124,0.2,-0.3
GIS,2024-12-13,0.14846788959925536,8.0,0.14846788959925536,0.2,-0.3
GIS,2024-12-20,0.25034437707839824,0.5,0.1877582828087987,0.2,-0.3
GIS,2024-12-30,0.22514244208199966,8.0,0.3377136631229995,0.2,-0.3
GIS,2025-01-07,5.3466796875,8.0,1.7822265625,0.2,-0.3
GIS,2025-01-15,0.03990140347867397,8.0,0.07980280695734794,0.2,-0.3
GIS,2025-01-23,0.038950641188737235,8.0,0.051934188251649645,0.2,-0.3
GIS,2025-01-30,0.04914774782328494,0.5,0.09829549564656988,0.8,-0.9
GIS,2025-02-06,0.07916226073438845,1.0,0.019790565183597113,0.8,-0.9
GIS,2025-02-13,0.09666719421966949,8.0,0.03222239807322316,0.8,-0.9
GIS,2025-02-21,0.11489696422508569,0.5,0.057448482112542845,0.8,-0.9
GIS,2025-02-28,0.08790471045007993,4.0,0.17580942090015986,0.8,-0.9
GIS,2025-03-07,0.14081036363636362,0.5,0.07040518181818181,0.8,-0.9
GIS,2025-03-14,0.16665106327983853,8.0,0.05555035442661284,0.2,-0.3
GIS,2025-03-21,0.12599844465847565,8.0,0.041999481552825214,0.2,-0.3
GIS,2025-03-28,0.26105091999999996,8.0,0.39157637999999995,0.2,-0.3
GIS,2025-04-04,0.10690584416975052,8.0,0.07127056277983368,0.2,-0.3
GIS,2025-04-11,0.103908209747352,0.5,0.051954104873676,0.8,-0.9
GIS,2025-04-21,0.07670433601134216,4.0,0.15340867202268432,0.8,-0.9
GIS,2025-04-28,0.10754601186725478,8.0,0.05377300593362739,0.2,-0.3
GIS,2025-05-05,0.17862081650627254,8.0,0.17862081650627254,0.2,-0.3
GIS,2025-05-12,0.3552005574600326,8.0,0.26640041809502446,0.2,-0.3
GIS,2025-05-19,0.24056397190800416,8.0,0.24056397190800416,0.2,-0.3
GIS,2025-05-27,0.5463881253215018,8.0,0.13659703133037546,0.2,-0.3
GIS,2025-06-03,0.6967261795343135,8.0,0.23224205984477117,0.2,-0.3
GIS,2025-06-10,0.30420340177133637,4.0,0.2028022678475576,0.2,-0.3
GIS,2025-06-17,0.2913645728525114,8.0,0.1942430485683409,0.2,-0.3
GIS,2025-06-25,0.4665652173913044,8.0,0.4665652173913044,0.2,-0.3
GIS,2025-07-02,0.10499818407799588,8.0,0.05249909203899794,0.2,-0.3
GIS,2025-07-10,0.17198206875790495,8.0,0.04299551718947624,0.2,-0.3
GIS,2025-07-17,0.06775647549489143,8.0,0.13551295098978286,0.2,-0.3
GIS,2025-07-24,0.06526135746280834,8.0,0.13052271492561668,0.2,-0.3
GIS,2025-07-31,0.12597313107277414,8.0,0.1889596966091612,0.2,-0.3
GIS,2025-08-07,0.4519028839029709,1.0,0.3389271629272282,0.2,-0.3
GIS,2025-08-14,0.6391375819739082,8.0,0.4793531864804312,0.2,-0.3
GIS,2025-08-21,0.7471498965191314,0.5,0.5603624223893486,0.2,-0.3
GIS,2025-08-28,0.8003133087069035,0.5,0.6002349815301776,0.2,-0.3
GOOG,2024-01-02,0.12271443933266672,8.0,0.04090481311088891,0.8,-0.9
GOOG,2024-01-09,0.12928244223544783,2.0,0.3878473267063435,0.8,-0.9
GOOG,2024-01-17,0.11418446602541714,0.5,0.15224595470055619,0.8,-0.9
GOOG,2024-01-24,0.36590063993337535,4.0,0.18295031996668767,0.8,-0.9
GOOG,2024-01-31,0.03520214915108599,4.0,0.10560644745325798,0.2,-0.3
GOOG,2024-02-07,0.09646149807969265,8.0,0.03215383269323088,0.8,-0.9
GOOG,2024-02-14,0.07935708150570775,2.0,0.1587141630114155,0.8,-0.9
GOOG,2024-02-22,0.08109778507465037,1.0,0.04054889253732519,0.8,-0.9
GOOG,2024-02-29,0.05112212703569648,8.0,0.07668319055354472,0.2,-0.3
GOOG,2024-03-07,0.055799904405717894,8.0,0.04184992830428842,0.2,-0.3
GOOG,2024-03-14,0.07743651204011881,0.5,0.05807738403008911,0.8,-0.9
GOOG,2024-03-21,0.1694336200270627,2.0,0.04235840500676567,0.8,-0.9
GOOG,2024-03-28,0.08949216493008849,2.0,0.13423824739513274,0.8,-0.9
GOOG,2024-04-05,0.11393333659204372,0.5,0.08545000244403278,0.8,-0.9
GOOG,2024-04-12,0.24215364988285132,8.0,0.08071788329428377,0.8,-0.9
GOOG,2024-04-19,0.21096872136449304,0.5,0.21096872136449304,0.8,-0.9
GOOG,2024-04-26,0.3005412571039782,0.5,0.20036083806931881,0.8,-0.9
GOOG,2024-05-03,0.32618559725309915,8.0,0.16309279862654957,0.8,-0.9
GOOG,2024-05-10,0.00016859478489669285,8.0,0.00012644608867251963,0.2,-0.7
GOOG,2024-05-17,0.542408505695332,0.5,0.36160567046355474,0.8,-0.9
GOOG,2024-05-24,0.0979415085037033,8.0,0.024485377125925824,0.5,-0.9
GOOG,2024-06-03,0.21440561197215108,0.5,0.2858741492962014,0.8,-0.9
GOOG,2024-06-10,0.49726713423295454,0.5,0.49726713423295454,0.8,-0.9
GOOG,2024-06-17,0.031310751133786834,0.5,0.023483063350340123,0.2,-0.3
GOOG,2024-06-25,0.07837639367581034,4.0,0.11756459051371551,0.8,-0.9
GOOG,2024-07-02,0.17738849227729875,4.0,0.04434712306932469,0.8,-0.9
GOOG,2024-07-10,0.19623807241850955,8.0,0.09811903620925477,0.8,-0.9
GOOG,2024-07-17,0.1113029233870968,8.0,0.0742019489247312,0.2,-0.3
GOOG,2024-07-24,0.08741002526155134,8.0,0.08741002526155134,0.2,-0.3
GOOG,2024-07-31,0.06709917011526831,8.0,0.033549585057634154,0.2,-0.3
GOOG,2024-08-07,0.18719680907211958,8.0,0.12479787271474639,0.2,-0.3
GOOG,2024-08-14,0.05655730917334392,2.0,0.11311461834668785,0.2,-0.3
GOOG,2024-08-21,0.046253758719539136,8.0,0.015417919573179712,0.2,-0.3
GOOG,2024-08-28,0.08616353318399708,0.5,0.06462264988799782,0.2,-0.3
GOOG,2024-09-05,0.17270590580249676,8.0,0.08635295290124838,0.2,-0.3
GOOG,2024-09-12,0.026425468262226855,0.5,0.01981910119667014,0.8,-0.9
GOOG,2024-09-19,0.12938799848556515,0.5,0.12938799848556515,0.8,-0.9
GOOG,2024-09-26,0.09157667313471876,8.0,0.13736500970207816,0.8,-0.9
GOOG,2024-10-03,0.19182513755859942,8.0,0.06394171251953314,0.8,-0.9
GOOG,2024-10-10,0.19830562341473718,0.5,0.19830562341473718,0.8,-0.9
GOOG,2024-10-17,0.10792981546484809,0.5,0.08094736159863607,0.8,-0.9
GOOG,2024-10-24,0.20779655562506777,0.5,0.41559311125013554,0.8,-0.9
GOOG,2024-10-31,0.1675933423289216,0.5,0.0418983355822304,0.8,-0.9
GOOG,2024-11-07,0.23192770867598678,0.5,0.23192770867598678,0.8,-0.9
GOOG,2024-11-14,0.05996501957820964,0.5,0.05996501957820964,0.8,-0.9
GOOG,2024-11-21,0.07183540325420322,4.0,0.10775310488130482,0.2,-0.3
GOOG,2024-11-29,0.027954385961901095,0.5,0.02096578947142582,0.2,-0.3
GOOG,2024-12-06,0.04009218291406635,0.5,0.010023045728516587,0.5,-0.9
GOOG,2024-12-13,0.017753027279209712,0.5,0.013314770459407283,0.8,-0.7
GOOG,2024-12-20,0.0461973954528853,0.5,0.03464804658966397,0.8,-0.9
GOOG,2024-12-30,0.09394241745363624,4.0,0.04697120872681812,0.8,-0.9
GOOG,2025-01-07,0.13438944816730936,0.5,0.03359736204182734,0.8,-0.9
GOOG,2025-01-15,0.1259568500527519,2.0,0.37787055015825566,0.8,-0.9
GOOG,2025-01-23,0.14259065148982936,0.5,0.0950604343265529,0.8,-0.9
GOOG,2025-01-30,0.19855278536223359,2.0,0.0661842617874112,0.8,-0.9
GOOG,2025-02-06,0.0872631641862411,8.0,0.0872631641862411,0.2,-0.3
GOOG,2025-02-13,0.06549713671979714,0.5,0.049122852539847855,0.2,-0.3
GOOG,2025-02-21,0.19179359363320578,8.0,0.14384519522490433,0.2,-0.3
GOOG,2025-02-28,0.052211106491207596,8.0,0.017403702163735865,0.2,-0.3
GOOG,2025-03-07,0.11226372593710195,8.0,0.33679117781130585,0.2,-0.3
GOOG,2025-03-14,0.1936138775510204,0.5,0.1452104081632653,0.2,-0.3
GOOG,2025-03-21,0.061047212267259836,8.0,0.030523606133629918,0.2,-0.3
GOOG,2025-03-28,0.38102458761628943,8.0,0.38102458761628943,0.2,-0.3
GOOG,2025-04-04,0.5158591532026017,0.5,0.3868943649019513,0.2,-0.3
GOOG,2025-04-11,0.21463839702752627,8.0,0.1430922646850175,0.8,-0.3
GOOG,2025-04-21,0.22252011946784978,2.0,0.2966934926237997,0.2,-0.3
GOOG,2025-04-28,0.1523018931736977,0.5,0.10153459544913179,0.8,-0.9
GOOG,2025-05-05,0.17177095212434465,0.5,0.17177095212434465,0.8,-0.9
GOOG,2025-05-12,0.1383203482424733,0.5,0.1383203482424733,0.8,-0.9
GOOG,2025-05-19,0.12008504189623505,0.5,0.030021260474058762,0.8,-0.9
GOOG,2025-05-27,0.10632289468219984,0.5,0.05316144734109992,0.8,-0.9
GOOG,2025-06-03,0.10687834225812856,0.5,0.10687834225812856,0.8,-0.3
GOOG,2025-06-10,0.0887887355228065,0.5,0.0887887355228065,0.8,-0.9
GOOG,2025-06-17,0.11108756765518708,8.0,0.037029189218395694,0.8,-0.9
GOOG,2025-06-25,0.10122118515017853,8.0,0.10122118515017853,0.2,-0.3
GOOG,2025-07-02,0.18803034667846732,0.5,0.282045520017701,0.8,-0.9
GOOG,2025-07-10,0.08152386734693876,0.5,0.061142900510204067,0.2,-0.9
GOOG,2025-07-17,0.26012761622299385,0.5,0.08670920540766461,0.8,-0.9
GOOG,2025-07-24,0.2013309691557294,0.5,0.2013309691557294,0.8,-0.9
GOOG,2025-07-31,0.02719003378378378,0.5,0.020392525337837836,0.8,-0.9
GOOG,2025-08-07,0.2177052399580746,0.5,0.2177052399580746,0.8,-0.9
GOOG,2025-08-14,0.39902964014547493,0.5,0.39902964014547493,0.8,-0.9
GOOG,2025-08-21,0.14693009660101713,0.5,0.14693009660101713,0.8,-0.9
GOOG,2025-08-28,0.20070927309204928,0.5,0.06690309103068309,0.8,-0.9
IBM,2024-01-02,0.0971911735566664,0.5,0.06479411570444427,0.8,-0.9
IBM,2024-01-09,0.09434242497410485,8.0,0.03144747499136828,0.8,-0.9
IBM,2024-01-17,0.0538630534984447,0.5,0.04039729012383353,0.8,-0.9
IBM,2024-01-24,0.19315995463896807,8.0,0.04828998865974202,0.8,-0.9
IBM,2024-01-31,0.19744361468286728,8.0,0.04936090367071682,0.8,-0.9
IBM,2024-02-07,0.08572588266552429,0.5,0.042862941332762146,0.8,-0.9
IBM,2024-02-14,0.03824891710286674,0.5,0.01912445855143337,0.8,-0.9
IBM,2024-02-22,0.078052040399924,0.5,0.078052040399924,0.8,-0.9
IBM,2024-02-29,0.05948257724577867,2.0,0.08922386586866801,0.8,-0.9
IBM,2024-03-07,0.1243322076628591,0.5,0.031083051915714775,0.8,-0.9
IBM,2024-03-14,0.09301486476517443,0.5,0.04650743238258721,0.8,-0.9
IBM,2024-03-21,0.06706496691203748,0.5,0.02235498897067916,0.8,-0.9
IBM,2024-03-28,0.04057492209141273,8.0,0.1217247662742382,0.8,-0.9
IBM,2024-04-05,0.11223217377324887,8.0,0.07482144918216592,0.2,-0.3
IBM,2024-04-12,0.15982238989249126,8.0,0.039955597473122814,0.2,-0.3
IBM,2024-04-19,0.32535940044858525,8.0,0.10845313348286174,0.2,-0.3
IBM,2024-04-26,0.07439856587099125,8.0,0.11159784880648688,0.2,-0.3
IBM,2024-05-03,0.09768489979715465,8.0,0.06512326653143644,0.2,-0.3
IBM,2024-05-10,0.01028351858444013,0.5,0.01028351858444013,0.8,-0.3
IBM,2024-05-17,0.02077283383619673,8.0,0.02077283383619673,0.2,-0.3
IBM,2024-05-24,0.026806973062381844,0.5,0.020105229796786382,0.2,-0.3
IBM,2024-06-03,0.0744816993792577,8.0,0.1489633987585154,0.2,-0.3
IBM,2024-06-10,0.018652453057545135,8.0,0.018652453057545135,0.2,-0.3
IBM,2024-06-17,0.06567048887436763,8.0,0.09850573331155145,0.2,-0.3
IBM,2024-06-25,0.08693093425883827,8.0,0.05795395617255884,0.2,-0.3
IBM,2024-07-02,0.12023048195193688,4.0,0.06011524097596844,0.8,-0.9
IBM,2024-07-10,0.12602196516537645,4.0,0.08401464344358431,0.8,-0.9
IBM,2024-07-17,0.15988873411635687,0.5,0.31977746823271375,0.8,-0.9
IBM,2024-07-24,0.2003306789656373,8.0,0.050082669741409326,0.8,-0.9
IBM,2024-07-31,0.12547259761184654,0.5,0.2509451952236931,0.8,-0.9
IBM,2024-08-07,0.10495846269293581,8.0,0.0349861542309786,0.8,-0.9
IBM,2024-08-14,0.073885792026763,0.5,0.073885792026763,0.8,-0.9
IBM,2024-08-21,0.02237021683673469,0.5,0.016777662627551017,0.5,-0.9
IBM,2024-08-28,0.06329843025000327,0.5,0.04747382268750246,0.8,-0.9
IBM,2024-09-05,0.1929915650382647,0.5,0.09649578251913235,0.8,-0.9
IBM,2024-09-12,0.23092175515676955,1.0,0.6927652654703087,0.8,-0.9
IBM,2024-09-19,0.039682694883104525,0.5,0.039682694883104525,0.8,-0.9
IBM,2024-09-26,0.0594070305867445,0.5,0.0594070305867445,0.8,-0.9
IBM,2024-10-03,0.17051959345281473,0.5,0.11367972896854316,0.8,-0.9
IBM,2024-10-10,0.30771570024947814,4.0,0.10257190008315938,0.8,-0.9
IBM,2024-10-17,0.17837185558080487,0.5,0.11891457038720325,0.8,-0.9
IBM,2024-10-24,0.08504157367564022,4.0,0.17008314735128044,0.2,-0.3
IBM,2024-10-31,0.0408270498853211,8.0,0.027218033256880735,0.2,-0.3
IBM,2024-11-07,0.0435897136146421,0.5,0.02179485680732105,0.8,-0.9
IBM,2024-11-14,0.05061963824112716,8.0,0.02530981912056358,0.2,-0.3
IBM,2024-11-21,0.023984279241802443,0.5,0.015989519494534962,0.8,-0.9
IBM,2024-11-29,0.020497290553093326,0.5,0.027329720737457767,0.8,-0.9
IBM,2024-12-06,0.3061610350906861,0.5,0.10205367836356204,0.8,-0.9
IBM,2024-12-13,0.1029837633383263,4.0,0.3089512900149789,0.8,-0.9
IBM,2024-12-20,0.05784379549696262,0.5,0.04338284662272197,0.8,-0.9
IBM,2024-12-30,0.1367652989173524,0.5,0.0455884329724508,0.8,-0.9
IBM,2025-01-07,0.1706215160798432,0.5,0.25593227411976477,0.8,-0.9
IBM,2025-01-15,0.1843583972845336,8.0,0.06145279909484453,0.2,-0.3
IBM,2025-01-23,0.22327024189939138,8.0,0.07442341396646379,0.2,-0.3
IBM,2025-01-30,0.3483993313631321,0.5,0.3483993313631321,0.8,-0.9
IBM,2025-02-06,0.21738092709312717,0.5,0.21738092709312717,0.8,-0.9
IBM,2025-02-13,0.07019531055228534,0.5,0.04679687370152356,0.8,-0.9
IBM,2025-02-21,0.08515678277766191,0.5,0.06386758708324643,0.8,-0.9
IBM,2025-02-28,0.023721651084478924,0.5,0.017791238313359194,0.8,-0.7
IBM,2025-03-07,0.1856377088758681,0.5,0.06187923629195603,0.8,-0.9
IBM,2025-03-14,0.43447807137910555,4.0,0.2896520475860704,0.8,-0.9
IBM,2025-03-21,0.13351821320955665,0.5,0.044506071069852216,0.8,-0.9
IBM,2025-03-28,0.10985906306147794,8.0,0.21971812612295588,0.8,-0.9
IBM,2025-04-04,0.3320803550330813,8.0,0.08302008875827033,0.2,-0.3
IBM,2025-04-11,0.22502990977191456,0.5,0.22502990977191456,0.8,-0.9
IBM,2025-04-21,0.29017133082180346,4.0,0.14508566541090173,0.8,-0.9
IBM,2025-04-28,0.06605124012619984,0.5,0.04953843009464988,0.8,-0.3
IBM,2025-05-05,0.09646851018424898,8.0,0.024117127546062246,0.8,-0.9
IBM,2025-05-12,0.142308397529539,0.5,0.04743613250984633,0.8,-0.9
IBM,2025-05-19,0.1741573055677887,0.5,0.08707865278389434,0.8,-0.9
IBM,2025-05-27,0.08924794287488569,0.5,0.05949862858325713,0.8,-0.9
IBM,2025-06-03,0.16768497034281685,4.0,0.04192124258570421,0.8,-0.9
IBM,2025-06-10,0.15378143464260793,0.5,0.15378143464260793,0.8,-0.9
IBM,2025-06-17,0.4597677829371451,0.5,0.4597677829371451,0.8,-0.9
IBM,2025-06-25,0.20678859858346624,8.0,0.6203657957503987,0.8,-0.9
IBM,2025-07-02,0.24413607457075764,0.5,0.24413607457075764,0.8,-0.9
IBM,2025-07-10,0.20407473329131562,0.5,0.1360498221942104,0.8,-0.9
IBM,2025-07-17,0.2891570757841347,8.0,0.0963856919280449,0.8,-0.9
IBM,2025-07-24,0.08041343091381262,0.5,0.06031007318535946,0.2,-0.3
IBM,2025-07-31,0.07798334844990068,8.0,0.15596669689980136,0.2,-0.3
IBM,2025-08-07,0.09156935372683359,8.0,0.27470806118050073,0.2,-0.3
IBM,2025-08-14,0.02341663793103448,8.0,0.07024991379310344,0.2,-0.3
IBM,2025-08-21,0.08887355585911778,8.0,0.08887355585911778,0.2,-0.3
IBM,2025-08-28,0.030192447928960944,8.0,0.030192447928960944,0.2,-0.3
JNJ,2024-01-02,0.10619007169558439,0.5,0.07079338113038959,0.8,-0.9
JNJ,2024-01-09,0.0975935760828785,0.5,0.07319518206215887,0.8,-0.9
JNJ,2024-01-17,0.017533138374051314,8.0,0.05259941512215394,0.8,-0.9
JNJ,2024-01-24,0.04560136061611168,0.5,0.030400907077407786,0.8,-0.9
JNJ,2024-01-31,0.049242995718304074,0.5,0.03693224678872806,0.8,-0.9
JNJ,2024-02-07,0.054556411794686656,0.5,0.03637094119645777,0.8,-0.9
JNJ,2024-02-14,0.05476456192382338,0.5,0.08214684288573507,0.8,-0.9
JNJ,2024-02-22,0.1265263558966288,0.5,0.08435090393108588,0.8,-0.9
JNJ,2024-02-29,0.08209907278602334,0.5,0.0615743045895175,0.8,-0.9
JNJ,2024-03-07,0.05700170077013962,0.5,0.05700170077013962,0.8,-0.9
JNJ,2024-03-14,0.06066472901889278,0.5,0.09099709352833917,0.8,-0.9
JNJ,2024-03-21,0.10004678531232895,1.0,0.30014035593698685,0.8,-0.9
JNJ,2024-03-28,0.007238370098930807,0.5,0.005428777574198105,0.2,-0.7
JNJ,2024-04-05,0.016394187433862423,0.5,0.012295640575396817,0.2,-0.9
JNJ,2024-04-12,0.06002077659326312,8.0,0.01500519414831578,0.2,-0.3
JNJ,2024-04-19,0.08999916949248916,0.5,0.17999833898497833,0.8,-0.9
JNJ,2024-04-26,0.03557356914599966,1.0,0.07114713829199933,0.8,-0.7
JNJ,2024-05-03,0.04526751548833821,8.0,0.03017834365889214,0.8,-0.9
JNJ,2024-05-10,0.0642505503913894,0.5,0.0642505503913894,0.8,-0.9
JNJ,2024-05-17,0.10515671071823882,0.5,0.10515671071823882,0.8,-0.9
JNJ,2024-05-24,0.02156879068477793,2.0,0.04313758136955586,0.8,-0.3
JNJ,2024-06-03,0.02406571848106761,0.5,0.07219715544320282,0.8,-0.9
JNJ,2024-06-10,0.03025592013101322,0.5,0.03025592013101322,0.8,-0.3
JNJ,2024-06-17,0.043302688805589455,0.5,0.06495403320838418,0.8,-0.9
JNJ,2024-06-25,0.01674471281377,8.0,0.025117069220655,0.8,-0.9
JNJ,2024-07-02,0.03486208318382125,4.0,0.10458624955146376,0.8,-0.9
JNJ,2024-07-10,0.07989125865356031,4.0,0.02663041955118677,0.8,-0.9
JNJ,2024-07-17,0.12500707716526738,0.5,0.08333805144351158,0.8,-0.9
JNJ,2024-07-24,0.13548992149524744,0.5,0.13548992149524744,0.8,-0.9
JNJ,2024-07-31,0.2088216076075774,0.5,0.06960720253585913,0.8,-0.9
JNJ,2024-08-07,0.13564172955649495,0.5,0.06782086477824747,0.8,-0.9
JNJ,2024-08-14,0.1365922450657894,2.0,0.045530748355263134,0.8,-0.9
JNJ,2024-08-21,0.06566370662180693,0.5,0.19699111986542078,0.8,-0.9
JNJ,2024-08-28,0.1514531851354013,0.5,0.4543595554062039,0.8,-0.9
JNJ,2024-09-05,0.09346363994460107,0.5,0.06230909329640071,0.8,-0.9
JNJ,2024-09-12,0.11754157728037003,0.5,0.11754157728037003,0.8,-0.9
JNJ,2024-09-19,0.038105590612956694,0.5,0.05715838591943504,0.8,-0.9
JNJ,2024-09-26,0.103356672986623,0.5,0.103356672986623,0.8,-0.9
JNJ,2024-10-03,0.0786855741736679,0.5,0.05245704944911193,0.8,-0.9
JNJ,2024-10-10,0.16381932484050538,0.5,0.1092128832270036,0.8,-0.9
JNJ,2024-10-17,0.05433855365085495,1.0,0.08150783047628243,0.8,-0.9
JNJ,2024-10-24,0.03386636691291106,0.5,0.03386636691291106,0.8,-0.9
JNJ,2024-10-31,0.046325236002604166,8.0,0.023162618001302083,0.8,-0.3
JNJ,2024-11-07,0.05993445681433455,0.5,0.014983614203583637,0.8,-0.9
JNJ,2024-11-14,0.039541815589195305,8.0,0.019770907794597652,0.8,-0.7
JNJ,2024-11-21,0.06313007956104252,4.0,0.04208671970736168,0.8,-0.9
JNJ,2024-11-29,0.05359129003380108,0.5,0.03572752668920072,0.8,-0.9
JNJ,2024-12-06,0.03130803900006871,0.5,0.015654019500034356,0.8,-0.3
JNJ,2024-12-13,0.032395718830441254,8.0,0.016197859415220627,0.8,-0.9
JNJ,2024-12-20,0.042950665233056864,8.0,0.010737666308264216,0.8,-0.9
JNJ,2024-12-30,0.03395751447874294,2.0,0.06791502895748588,0.2,-0.3
JNJ,2025-01-07,0.05119035688642383,0.5,0.05119035688642383,0.8,-0.9
JNJ,2025-01-15,0.066807540109578,2.0,0.022269180036526,0.8,-0.9
JNJ,2025-01-23,0.0395755090401996,0.5,0.026383672693466403,0.8,-0.9
JNJ,2025-01-30,0.15063679350429407,4.0,0.050212264501431354,0.8,-0.9
JNJ,2025-02-06,0.05743875078687834,0.5,0.014359687696719584,0.8,-0.9
JNJ,2025-02-13,0.11342913155163173,0.5,0.07561942103442115,0.8,-0.9
JNJ,2025-02-21,0.31693612938097143,2.0,0.15846806469048572,0.8,-0.9
JNJ,2025-02-28,0.1887720938302856,0.5,0.1887720938302856,0.8,-0.9
JNJ,2025-03-07,0.09340106713193451,0.5,0.06226737808795634,0.8,-0.9
JNJ,2025-03-14,0.103720617302303,0.5,0.103720617302303,0.8,-0.9
JNJ,2025-03-21,0.07718085757230397,2.0,0.15436171514460795,0.8,-0.9
JNJ,2025-03-28,0.08243915566088925,0.5,0.05495943710725949,0.8,-0.9
JNJ,2025-04-04,0.08305798764425192,8.0,0.08305798764425192,0.2,-0.3
JNJ,2025-04-11,0.14974580764969533,8.0,0.04991526921656511,0.8,-0.9
JNJ,2025-04-21,0.08484885042832518,0.5,0.08484885042832518,0.8,-0.9
JNJ,2025-04-28,0.02148702080305232,0.5,0.016115265602289243,0.5,-0.9
JNJ,2025-05-05,0.07035203606332159,0.5,0.023450678687773865,0.8,-0.9
JNJ,2025-05-12,0.06445335559790036,8.0,0.021484451865966786,0.8,-0.3
JNJ,2025-05-19,0.08257535028863865,1.0,0.12386302543295796,0.8,-0.9
JNJ,2025-05-27,0.10232612202385978,0.5,0.15348918303578968,0.8,-0.9
JNJ,2025-06-03,0.09906988364768622,0.5,0.04953494182384311,0.8,-0.9
JNJ,2025-06-10,0.12979166936628733,0.5,0.194687504049431,0.8,-0.9
JNJ,2025-06-17,0.05975369165023011,0.5,0.04481526873767258,0.8,-0.9
JNJ,2025-06-25,0.05828841727232077,1.0,0.17486525181696233,0.8,-0.9
JNJ,2025-07-02,0.07059398797161645,1.0,0.07059398797161645,0.8,-0.9
JNJ,2025-07-10,0.09014168510416665,0.5,0.09014168510416665,0.8,-0.9
JNJ,2025-07-17,0.10889252106741576,0.5,0.03629750702247192,0.8,-0.9
JNJ,2025-07-24,0.08760708885621485,0.5,0.08760708885621485,0.8,-0.9
JNJ,2025-07-31,0.03495634580299415,0.5,0.017478172901497075,0.8,-0.9
JNJ,2025-08-07,0.05767983813815644,8.0,0.019226612712718815,0.8,-0.9
JNJ,2025-08-14,0.08374418926743511,0.5,0.06280814195057634,0.8,-0.9
JNJ,2025-08-21,0.019527922453703703,0.5,0.0130186149691358,0.8,-0.9
JNJ,2025-08-28,0.04861076640808124,0.5,0.04861076640808124,0.8,-0.9
KMB,2024-01-02,0.04840646898678826,4.0,0.09681293797357653,0.8,-0.9
KMB,2024-01-09,0.05497715350333694,2.0,0.08246573025500542,0.8,-0.9
KMB,2024-01-17,0.051635205525166525,8.0,0.034423470350111014,0.8,-0.9
KMB,2024-01-24,0.027124883817953728,8.0,0.027124883817953728,0.2,-0.3
KMB,2024-01-31,0.025627453510311402,2.0,0.07688236053093421,0.8,-0.3
KMB,2024-02-07,0.017850198395721033,8.0,0.0535505951871631,0.2,-0.3
KMB,2024-02-14,0.02918986988177623,8.0,0.04378480482266434,0.2,-0.3
KMB,2024-02-22,0.031986668348908655,8.0,0.015993334174454327,0.8,-0.7
KMB,2024-02-29,0.04451574146163452,8.0,0.01112893536540863,0.8,-0.9
KMB,2024-03-07,0.057810138487867216,4.0,0.014452534621966804,0.8,-0.9
KMB,2024-03-14,0.05385990585336224,2.0,0.10771981170672448,0.8,-0.9
KMB,2024-03-21,0.0359809922377878,2.0,0.10794297671336339,0.8,-0.7
KMB,2024-03-28,0.06675916324679085,0.5,0.0445061088311939,0.8,-0.9
KMB,2024-04-05,0.05720179742815495,0.5,0.08580269614223242,0.8,-0.9
KMB,2024-04-12,0.05234615677521009,8.0,0.03489743785014006,0.2,-0.3
KMB,2024-04-19,0.05525853252551021,1.0,0.027629266262755105,0.8,-0.9
KMB,2024-04-26,0.03133605493982862,0.5,0.03133605493982862,0.8,-0.9
KMB,2024-05-03,0.06528861816261641,0.5,0.04352574544174428,0.8,-0.9
KMB,2024-05-10,0.03268577384108365,4.0,0.016342886920541824,0.8,-0.9
KMB,2024-05-17,0.04981313541173535,0.5,0.0332087569411569,0.8,-0.9
KMB,2024-05-24,0.01763504117125773,8.0,0.01763504117125773,0.2,-0.3
KMB,2024-06-03,0.025477557883650935,0.5,0.05095511576730187,0.8,-0.9
KMB,2024-06-10,0.050903801035090505,0.5,0.025451900517545253,0.8,-0.9
KMB,2024-06-17,0.0689588057753623,0.5,0.022986268591787432,0.8,-0.9
KMB,2024-06-25,0.02473717435104744,0.5,0.02473717435104744,0.8,-0.9
KMB,2024-07-02,0.03231158022978206,0.5,0.04846737034467309,0.8,-0.9
KMB,2024-07-10,0.06164012724981882,0.5,0.12328025449963764,0.8,-0.9
KMB,2024-07-17,0.10930873212823652,0.5,0.05465436606411826,0.8,-0.9
KMB,2024-07-24,0.0490829042548326,0.5,0.0245414521274163,0.8,-0.9
KMB,2024-07-31,0.036505024447555136,4.0,0.024336682965036757,0.2,-0.3
KMB,2024-08-07,0.05936213521009303,0.5,0.039574756806728686,0.8,-0.9
KMB,2024-08-14,0.06795016079519547,4.0,0.03397508039759774,0.8,-0.9
KMB,2024-08-21,0.061003090106767514,0.5,0.04066872673784501,0.8,-0.9
KMB,2024-08-28,0.08601278049440875,4.0,0.043006390247204374,0.8,-0.9
KMB,2024-09-05,0.22255908110157785,2.0,0.07418636036719262,0.8,-0.9
KMB,2024-09-12,0.04335862617241541,2.0,0.06503793925862311,0.8,-0.9
KMB,2024-09-19,0.03052512714146799,0.5,0.02035008476097866,0.8,-0.9
KMB,2024-09-26,0.07109105263445734,2.0,0.02369701754481911,0.8,-0.9
KMB,2024-10-03,0.06423408710600163,0.5,0.12846817421200327,0.8,-0.9
KMB,2024-10-10,0.04319246516436976,0.5,0.1295773954931093,0.8,-0.9
KMB,2024-10-17,0.09694876119393073,8.0,0.048474380596965363,0.8,-0.9
KMB,2024-10-24,0.037184609986077,2.0,0.024789739990718,0.2,-0.3
KMB,2024-10-31,0.030509909396861844,4.0,0.06101981879372369,0.2,-0.3
KMB,2024-11-07,0.02490387545762682,8.0,0.04980775091525364,0.2,-0.3
KMB,2024-11-14,0.03652506276648084,8.0,0.01826253138324042,0.2,-0.3
KMB,2024-11-21,0.05514548755458973,0.5,0.03676365836972648,0.8,-0.9
KMB,2024-11-29,0.04050342320956984,2.0,0.06075513481435475,0.8,-0.9
KMB,2024-12-06,0.04830054012345678,4.0,0.012075135030864196,0.8,-0.3
KMB,2024-12-13,0.0278226927563309,4.0,0.0834680782689927,0.2,-0.3
KMB,2024-12-20,0.030305967622069496,8.0,0.06061193524413899,0.8,-0.3
KMB,2024-12-30,0.030894043741948454,8.0,0.09268213122584536,0.8,-0.5
KMB,2025-01-07,0.05281542130763019,8.0,0.026407710653815097,0.2,-0.3
KMB,2025-01-15,0.041172118238030186,8.0,0.12351635471409056,0.2,-0.3
KMB,2025-01-23,0.05340367593019245,0.5,0.16021102779057733,0.8,-0.3
KMB,2025-01-30,0.027043007674833947,2.0,0.05408601534966789,0.8,-0.9
KMB,2025-02-06,0.037112170457839946,0.5,0.037112170457839946,0.8,-0.3
KMB,2025-02-13,0.057263312254527465,0.5,0.03817554150301831,0.8,-0.9
KMB,2025-02-21,0.05805504661614847,0.5,0.029027523308074236,0.8,-0.9
KMB,2025-02-28,0.12220640068106856,2.0,0.040735466893689516,0.8,-0.9
KMB,2025-03-07,0.132755500134159,0.5,0.0663777500670795,0.8,-0.9
KMB,2025-03-14,0.0474530811324331,8.0,0.07117962169864965,0.8,-0.9
KMB,2025-03-21,0.04753552324188082,0.5,0.03565164243141061,0.5,-0.9
KMB,2025-03-28,0.06735233693283153,4.0,0.10102850539924729,0.8,-0.9
KMB,2025-04-04,0.12359127433514872,0.5,0.08239418289009914,0.8,-0.3
KMB,2025-04-11,0.12819687231098587,1.0,0.04273229077032862,0.8,-0.9
KMB,2025-04-21,0.10335911540235516,0.5,0.15503867310353275,0.8,-0.9
KMB,2025-04-28,0.04396482983972866,8.0,0.029309886559819108,0.2,-0.3
KMB,2025-05-05,0.04151325981112094,1.0,0.08302651962224188,0.2,-0.3
KMB,2025-05-12,0.06868683649202686,0.5,0.1030302547380403,0.8,-0.9
KMB,2025-05-19,0.09660298845409296,8.0,0.03220099615136432,0.8,-0.9
KMB,2025-05-27,0.08082684231942043,0.5,0.05388456154628029,0.8,-0.9
KMB,2025-06-03,0.05212635947105253,0.5,0.03475090631403502,0.8,-0.9
KMB,2025-06-10,0.01999903904533523,8.0,0.03999807809067046,0.2,-0.3
KMB,2025-06-17,0.04446949533005562,8.0,0.08893899066011124,0.2,-0.3
KMB,2025-06-25,0.03998983524178189,8.0,0.07997967048356378,0.2,-0.3
KMB,2025-07-02,0.059401339101417365,0.5,0.029700669550708683,0.8,-0.9
KMB,2025-07-10,0.06639052090330107,0.5,0.033195260451650534,0.8,-0.9
KMB,2025-07-17,0.06741368613745036,4.0,0.022471228712483454,0.8,-0.3
KMB,2025-07-24,0.06895609523939049,0.5,0.06895609523939049,0.8,-0.3
KMB,2025-07-31,0.09832793362765938,8.0,0.06555195575177292,0.2,-0.3
KMB,2025-08-07,0.09136372080368843,2.0,0.045681860401844215,0.8,-0.9
KMB,2025-08-14,0.045731317938264765,0.5,0.045731317938264765,0.8,-0.9
KMB,2025-08-21,0.04853897723393753,0.5,0.024269488616968767,0.8,-0.9
KMB,2025-08-28,0.0788730357689547,8.0,0.019718258942238675,0.2,-0.3
KO,2024-01-02,0.030968233875531687,0.5,0.015484116937765843,0.8,-0.9
KO,2024-01-09,0.017272239709541025,0.5,0.004318059927385256,0.8,-0.9
KO,2024-01-17,0.06355290686299153,0.5,0.021184302287663843,0.8,-0.9
KO,2024-01-24,0.034230886773582665,0.5,0.025673165080187,0.8,-0.7
KO,2024-01-31,0.04185489551977816,0.5,0.04185489551977816,0.8,-0.9
KO,2024-02-07,0.0263238508460448,0.5,0.0197428881345336,0.5,-0.9
KO,2024-02-14,0.04167651240732464,0.5,0.02083825620366232,0.8,-0.9
KO,2024-02-22,0.01871916314671631,0.5,0.014039372360037232,0.8,-0.5
KO,2024-02-29,0.021416800827508055,0.5,0.016062600620631043,0.8,-0.9
KO,2024-03-07,0.022530193795968795,0.5,0.03379529069395319,0.8,-0.9
KO,2024-03-14,0.024448976254863038,1.0,0.03667346438229456,0.8,-0.9
KO,2024-03-21,0.02478678051549145,0.5,0.037180170773237174,0.8,-0.7
KO,2024-03-28,0.021723657105099502,0.5,0.014482438070066335,0.8,-0.9
KO,2024-04-05,0.07622274516413283,0.5,0.07622274516413283,0.8,-0.9
KO,2024-04-12,0.03144394018214247,2.0,0.04716591027321371,0.8,-0.9
KO,2024-04-19,0.06720854377104378,0.5,0.05040640782828283,0.8,-0.9
KO,2024-04-26,0.03864271672320746,0.5,0.025761811148804974,0.8,-0.9
KO,2024-05-03,0.12563181554145778,8.0,0.031407953885364444,0.8,-0.9
KO,2024-05-10,0.09620992014541563,0.5,0.06413994676361041,0.8,-0.9
KO,2024-05-17,0.037822108948475305,0.5,0.018911054474237653,0.8,-0.9
KO,2024-05-24,0.029971379475298217,8.0,0.007492844868824554,0.8,-0.9
KO,2024-06-03,0.06274064503509327,0.5,0.04182709669006218,0.8,-0.9
KO,2024-06-10,0.06268763678221428,0.5,0.04179175785480952,0.8,-0.9
KO,2024-06-17,0.03663704728081011,0.5,0.03663704728081011,0.8,-0.9
KO,2024-06-25,0.0728929521928526,0.5,0.04859530146190173,0.8,-0.9
KO,2024-07-02,0.0686947190426639,0.5,0.02289823968088797,0.8,-0.9
KO,2024-07-10,0.03646432934491067,0.5,0.027348247008683005,0.8,-0.9
KO,2024-07-17,0.02145583082181398,0.5,0.04291166164362796,0.8,-0.9
KO,2024-07-24,0.051944831857960574,0.5,0.051944831857960574,0.8,-0.9
KO,2024-07-31,0.10974896809701139,0.5,0.10974896809701139,0.8,-0.9
KO,2024-08-07,0.09100186929766887,0.5,0.18200373859533775,0.8,-0.9
KO,2024-08-14,0.10395592912097636,0.5,0.06930395274731757,0.8,-0.9
KO,2024-08-21,0.07980905391595387,2.0,0.2394271617478616,0.8,-0.9
KO,2024-08-28,0.00793723708813816,0.5,0.00198430927203454,0.8,-0.9
KO,2024-09-05,0.07404646009939156,0.5,0.0493643067329277,0.8,-0.9
KO,2024-09-12,0.04378415477471563,2.0,0.06567623216207344,0.8,-0.9
KO,2024-09-19,0.061660533018616626,0.5,0.041107022012411086,0.8,-0.9
KO,2024-09-26,0.04996017983905052,0.5,0.04996017983905052,0.8,-0.9
KO,2024-10-03,0.06893093716682752,0.5,0.04595395811121835,0.8,-0.9
KO,2024-10-10,0.08129929993850812,0.5,0.04064964996925406,0.8,-0.9
KO,2024-10-17,0.10721167461652784,4.0,0.03573722487217595,0.8,-0.9
KO,2024-10-24,0.03349432047886601,1.0,0.02232954698591067,0.8,-0.5
KO,2024-10-31,0.03443058917821833,0.5,0.017215294589109163,0.8,-0.3
KO,2024-11-07,0.02607069288456006,8.0,0.07821207865368018,0.2,-0.3
KO,2024-11-14,0.045018107689504344,8.0,0.09003621537900869,0.2,-0.3
KO,2024-11-21,0.04678038019517913,8.0,0.023390190097589567,0.8,-0.9
KO,2024-11-29,0.025633351598844736,8.0,0.05126670319768947,0.8,-0.9
KO,2024-12-06,0.032847464969138984,0.5,0.032847464969138984,0.8,-0.3
KO,2024-12-13,0.03250086956521738,2.0,0.09750260869565214,0.8,-0.9
KO,2024-12-20,0.06160282794078969,2.0,0.02053427598026323,0.8,-0.9
KO,2024-12-30,0.04766045359364947,0.5,0.14298136078094842,0.8,-0.9
KO,2025-01-07,0.03375702548127637,2.0,0.06751405096255274,0.2,-0.3
KO,2025-01-15,0.03525552250976088,8.0,0.03525552250976088,0.2,-0.3
KO,2025-01-23,0.041104937566268596,0.5,0.02740329171084573,0.8,-0.9
KO,2025-01-30,0.04826368372531113,0.5,0.03217578915020742,0.8,-0.9
KO,2025-02-06,0.08385134897810433,0.5,0.08385134897810433,0.8,-0.9
KO,2025-02-13,0.13494393277765132,0.5,0.08996262185176754,0.8,-0.9
KO,2025-02-21,0.09486124540732976,0.5,0.06324083027155318,0.8,-0.9
KO,2025-02-28,0.013870912317840036,0.5,0.010403184238380027,0.8,-0.9
KO,2025-03-07,0.11859674251060259,0.5,0.059298371255301296,0.8,-0.9
KO,2025-03-14,0.05689469887157381,4.0,0.018964899623857934,0.8,-0.9
KO,2025-03-21,0.03338374542192196,0.5,0.02503780906644147,0.8,-0.7
KO,2025-03-28,0.08306257124205554,1.0,0.02768752374735185,0.8,-0.9
KO,2025-04-04,0.12113746305759365,0.5,0.08075830870506244,0.8,-0.9
KO,2025-04-11,0.12859982063258685,0.5,0.03214995515814671,0.8,-0.9
KO,2025-04-21,0.08530637523791902,0.5,0.04265318761895951,0.8,-0.9
KO,2025-04-28,0.10499014117467781,0.5,0.052495070587338905,0.8,-0.9
KO,2025-05-05,0.11272903974890884,8.0,0.3381871192467265,0.8,-0.9
KO,2025-05-12,0.029380914582577515,4.0,0.05876182916515503,0.8,-0.9
KO,2025-05-19,0.061730950498545496,0.5,0.061730950498545496,0.8,-0.9
KO,2025-05-27,0.0784682271600898,0.5,0.1177023407401347,0.8,-0.9
KO,2025-06-03,0.1065438891444187,0.5,0.07102925942961247,0.8,-0.9
KO,2025-06-10,0.14833657952894558,0.5,0.14833657952894558,0.8,-0.9
KO,2025-06-17,0.056650926671059455,8.0,0.03776728444737297,0.2,-0.3
KO,2025-06-25,0.0393918253622576,4.0,0.0787836507245152,0.8,-0.9
KO,2025-07-02,0.07611983851107336,0.5,0.01902995962776834,0.8,-0.9
KO,2025-07-10,0.06537301364603024,1.0,0.09805952046904536,0.8,-0.9
KO,2025-07-17,0.08056972557396794,0.5,0.05371315038264529,0.8,-0.9
KO,2025-07-24,0.04397572251835504,0.5,0.014658574172785014,0.8,-0.9
KO,2025-07-31,0.02808204580644652,0.5,0.02808204580644652,0.8,-0.5
KO,2025-08-07,0.13574891822416849,0.5,0.13574891822416849,0.8,-0.9
KO,2025-08-14,0.08200338044312261,8.0,0.027334460147707535,0.8,-0.9
KO,2025-08-21,0.05629372921112852,0.5,0.03752915280741901,0.8,-0.9
KO,2025-08-28,0.031989818615953874,8.0,0.02132654574396925,0.8,-0.3
LNT,2024-01-02,0.08054825367647057,0.5,0.04027412683823529,0.8,-0.9
LNT,2024-01-09,0.10194930013020834,0.5,0.05097465006510417,0.8,-0.9
LNT,2024-01-17,0.057774918502081954,0.5,0.08666237775312294,0.8,-0.9
LNT,2024-01-24,0.1137602749006383,4.0,0.028440068725159574,0.8,-0.9
LNT,2024-01-31,0.06810033464244061,0.5,0.13620066928488123,0.8,-0.9
LNT,2024-02-07,0.07531844429347828,4.0,0.025106148097826093,0.8,-0.9
LNT,2024-02-14,0.0696761626491356,0.5,0.1045142439737034,0.8,-0.9
LNT,2024-02-22,0.08152912325295895,0.5,0.027176374417652985,0.8,-0.9
LNT,2024-02-29,0.07971736495844875,1.0,0.11957604743767312,0.8,-0.9
LNT,2024-03-07,0.07159495766797022,0.5,0.03579747883398511,0.8,-0.9
LNT,2024-03-14,0.08257156048014773,0.5,0.027523853493382575,0.8,-0.9
LNT,2024-03-21,0.17584719213621822,0.5,0.11723146142414548,0.8,-0.9
LNT,2024-03-28,0.08099794169505707,0.5,0.040498970847528536,0.8,-0.9
LNT,2024-04-05,0.12400478993536472,0.5,0.12400478993536472,0.8,-0.9
LNT,2024-04-12,0.16177406062625133,2.0,0.08088703031312566,0.8,-0.9
LNT,2024-04-19,0.16796932067202333,0.5,0.251953981008035,0.8,-0.9
LNT,2024-04-26,0.24163592510826465,0.5,0.1610906167388431,0.8,-0.9
LNT,2024-05-03,0.8324431936763016,0.5,0.8324431936763016,0.8,-0.9
LNT,2024-05-10,1.0475127551020407,0.5,1.0475127551020407,0.8,-0.9
LNT,2024-05-17,0.15071754736347442,0.5,0.10047836490898296,0.8,-0.9
LNT,2024-05-24,0.07592129996042735,0.5,0.11388194994064102,0.8,-0.9
LNT,2024-06-03,0.24771468144044329,0.5,0.3715720221606649,0.8,-0.9
LNT,2024-06-10,0.2222070734091972,0.5,0.1481380489394648,0.8,-0.9
LNT,2024-06-17,0.11944126963945637,0.5,0.03981375654648545,0.8,-0.9
LNT,2024-06-25,0.3814951353380407,0.5,0.7629902706760814,0.8,-0.9
LNT,2024-07-02,0.7721509068687129,0.5,0.38607545343435645,0.8,-0.9
LNT,2024-07-10,0.17968327897878547,0.5,0.17968327897878547,0.8,-0.9
LNT,2024-07-17,0.47693333333333326,0.5,0.47693333333333326,0.8,-0.9
LNT,2024-07-24,0.622086956521739,0.5,1.8662608695652168,0.8,-0.9
LNT,2024-07-31,1.0095244140625,0.5,3.0285732421875,0.8,-0.9
LNT,2024-08-07,0.6942317216981131,0.5,0.6942317216981131,0.8,-0.9
LNT,2024-08-14,0.621609797297297,0.5,0.621609797297297,0.8,-0.9
LNT,2024-08-21,0.453437473754934,0.5,0.453437473754934,0.8,-0.9
LNT,2024-08-28,0.31752355072463756,0.5,0.21168236714975835,0.8,-0.9
LNT,2024-09-05,1.3680518588362067,0.5,1.3680518588362067,0.8,-0.9
LNT,2024-09-12,0.42573764097652966,0.5,0.42573764097652966,0.8,-0.9
LNT,2024-09-19,0.29121344715689756,0.5,0.29121344715689756,0.8,-0.9
LNT,2024-09-26,1.5460338813476822,0.5,1.5460338813476822,0.8,-0.9
LNT,2024-10-03,0.9909774893354534,0.5,0.9909774893354534,0.8,-0.9
LNT,2024-10-10,0.14671289928920303,0.5,0.09780859952613535,0.8,-0.9
LNT,2024-10-17,0.3968229033631332,0.5,0.3968229033631332,0.8,-0.9
LNT,2024-10-24,0.23339786690152947,0.5,0.15559857793435297,0.8,-0.9
LNT,2024-10-31,0.3648324266975308,0.5,0.24322161779835388,0.8,-0.9
LNT,2024-11-07,0.08446297527200491,0.5,0.05630865018133661,0.8,-0.9
LNT,2024-11-14,0.07730476863520734,0.5,0.115957152952811,0.8,-0.9
LNT,2024-11-21,0.1939375850178932,0.5,0.0969687925089466,0.8,-0.9
LNT,2024-11-29,0.14660201748282264,0.5,0.07330100874141132,0.8,-0.9
LNT,2024-12-06,0.13321490643255107,0.5,0.08880993762170072,0.8,-0.9
LNT,2024-12-13,0.0997580757255643,0.5,0.04987903786278215,0.8,-0.9
LNT,2024-12-20,0.1658059027265349,0.5,0.11053726848435659,0.8,-0.9
LNT,2024-12-30,0.1810671487603306,0.5,0.5432014462809918,0.8,-0.9
LNT,2025-01-07,0.16867015754132225,0.5,0.5060104726239667,0.8,-0.9
LNT,2025-01-15,0.07428207241977325,0.5,0.11142310862965987,0.8,-0.9
LNT,2025-01-23,0.07355998178447007,0.5,0.1103399726767051,0.8,-0.9
LNT,2025-01-30,0.13940972222222225,0.5,0.06970486111111113,0.8,-0.9
LNT,2025-02-06,0.1145021027190209,0.5,0.1145021027190209,0.8,-0.9
LNT,2025-02-13,0.16978451608615616,0.5,0.11318967739077078,0.8,-0.9
LNT,2025-02-21,0.25961608291512883,0.5,0.12980804145756442,0.8,-0.9
LNT,2025-02-28,0.23174603174603176,0.5,0.1544973544973545,0.8,-0.9
LNT,2025-03-07,0.2024567721311651,0.5,0.3036851581967477,0.8,-0.9
LNT,2025-03-14,0.32124326508620704,0.5,0.21416217672413804,0.8,-0.9
LNT,2025-03-21,0.33974743870027435,0.5,0.22649829246684958,0.8,-0.9
LNT,2025-03-28,0.4152183604826322,0.5,0.4152183604826322,0.8,-0.9
LNT,2025-04-04,0.15158415537237296,0.5,0.07579207768618648,0.8,-0.9
LNT,2025-04-11,0.2346428571428572,0.5,0.1173214285714286,0.8,-0.9
LNT,2025-04-21,0.18700122675619832,0.5,0.37400245351239664,0.8,-0.9
LNT,2025-04-28,0.17994877360031736,0.5,0.08997438680015868,0.8,-0.9
LNT,2025-05-05,0.17492415454339677,0.5,0.08746207727169839,0.8,-0.9
LNT,2025-05-12,0.07771163961056445,0.5,0.11656745941584667,0.8,-0.9
LNT,2025-05-19,0.1382827088756225,0.5,0.06914135443781125,0.8,-0.9
LNT,2025-05-27,0.09439750012056326,0.5,0.18879500024112653,0.8,-0.9
LNT,2025-06-03,0.09959938198912371,0.5,0.13279917598549829,0.8,-0.9
LNT,2025-06-10,0.12131651714845687,0.5,0.08087767809897124,0.8,-0.9
LNT,2025-06-17,0.10529167174827733,0.5,0.052645835874138666,0.8,-0.9
LNT,2025-06-25,0.17127865002683837,0.5,0.08563932501341918,0.8,-0.9
LNT,2025-07-02,0.13514724201058018,0.5,0.06757362100529009,0.8,-0.9
LNT,2025-07-10,0.2828286970249667,0.5,0.2828286970249667,0.8,-0.9
LNT,2025-07-17,0.5961278203490846,0.5,0.5961278203490846,0.8,-0.9
LNT,2025-07-24,0.29814436109138265,0.5,0.19876290739425512,0.8,-0.9
LNT,2025-07-31,0.27756528501157407,1.0,0.8326958550347222,0.8,-0.9
LNT,2025-08-07,0.13918667594569864,0.5,0.09279111729713242,0.8,-0.9
LNT,2025-08-14,0.07726320000000003,0.5,0.05150880000000002,0.8,-0.9
LNT,2025-08-21,0.12170162835249043,0.5,0.060850814176245216,0.8,-0.9
LNT,2025-08-28,0.10223732954545452,0.5,0.05111866477272726,0.8,-0.9
MDLZ,2024-01-02,0.14688817827029454,0.5,0.09792545218019637,0.8,-0.9
MDLZ,2024-01-09,0.10732224056152723,0.5,0.10732224056152723,0.8,-0.9
MDLZ,2024-01-17,0.05856992214297531,0.5,0.014642480535743827,0.8,-0.9
MDLZ,2024-01-24,0.08126366805648304,0.5,0.04063183402824152,0.8,-0.9
MDLZ,2024-01-31,0.06731458905488277,0.5,0.022438196351627592,0.8,-0.9
MDLZ,2024-02-07,0.06077433956261273,0.5,0.030387169781306365,0.8,-0.9
MDLZ,2024-02-14,0.045058994630859474,0.5,0.045058994630859474,0.8,-0.3
MDLZ,2024-02-22,0.06490155370934622,0.5,0.03245077685467311,0.8,-0.9
MDLZ,2024-02-29,0.03716752554532715,0.5,0.018583762772663576,0.8,-0.9
MDLZ,2024-03-07,0.03714691382405685,4.0,0.0495292184320758,0.2,-0.3
MDLZ,2024-03-14,0.04371531013937887,8.0,0.021857655069689435,0.2,-0.3
MDLZ,2024-03-21,0.026515159312111056,4.0,0.07954547793633317,0.2,-0.3
MDLZ,2024-03-28,0.03343374798968499,0.5,0.03343374798968499,0.8,-0.3
MDLZ,2024-04-05,0.03927262661449119,8.0,0.05890893992173679,0.2,-0.3
MDLZ,2024-04-12,0.06733046403185292,8.0,0.03366523201592646,0.2,-0.3
MDLZ,2024-04-19,0.05918154566538406,1.0,0.02959077283269203,0.8,-0.9
MDLZ,2024-04-26,0.055765375152181704,0.5,0.1672961254565451,0.8,-0.9
MDLZ,2024-05-03,0.03612671232062862,0.5,0.01806335616031431,0.8,-0.9
MDLZ,2024-05-10,0.04802801374684186,0.5,0.03201867583122791,0.8,-0.9
MDLZ,2024-05-17,0.07075120314526426,0.5,0.03537560157263213,0.8,-0.9
MDLZ,2024-05-24,0.032450255347876863,8.0,0.032450255347876863,0.2,-0.3
MDLZ,2024-06-03,0.039499241849488095,2.0,0.026332827899658733,0.8,-0.9
MDLZ,2024-06-10,0.03650906224819232,8.0,0.024339374832128217,0.2,-0.3
MDLZ,2024-06-17,0.030894481001215307,8.0,0.015447240500607654,0.2,-0.3
MDLZ,2024-06-25,0.044500043689737395,2.0,0.06675006553460609,0.8,-0.9
MDLZ,2024-07-02,0.022169525794778856,8.0,0.06650857738433658,0.2,-0.3
MDLZ,2024-07-10,0.052507672641284725,0.5,0.10501534528256945,0.8,-0.9
MDLZ,2024-07-17,0.07910316708080663,0.5,0.07910316708080663,0.8,-0.9
MDLZ,2024-07-24,0.09283201713282116,0.5,0.06188801142188077,0.8,-0.9
MDLZ,2024-07-31,0.08544575576241134,0.5,0.0569638371749409,0.8,-0.9
MDLZ,2024-08-07,0.08912669695949209,0.5,0.044563348479746044,0.8,-0.9
MDLZ,2024-08-14,0.13144823467955463,2.0,0.04381607822651821,0.8,-0.9
MDLZ,2024-08-21,0.05015444823704538,0.5,0.03761583617778404,0.8,-0.9
MDLZ,2024-08-28,0.02528360659987334,0.5,0.02528360659987334,0.8,-0.9
MDLZ,2024-09-05,0.0921810028123606,0.5,0.1843620056247212,0.8,-0.9
MDLZ,2024-09-12,0.03839823642988143,0.5,0.019199118214940716,0.8,-0.9
MDLZ,2024-09-19,0.09018167957621086,0.5,0.06012111971747391,0.8,-0.9
MDLZ,2024-09-26,0.05007238271468549,0.5,0.033381588476456996,0.8,-0.9
MDLZ,2024-10-03,0.06395096455244977,8.0,0.042633976368299846,0.2,-0.3
MDLZ,2024-10-10,0.039531498212238864,4.0,0.07906299642447773,0.8,-0.9
MDLZ,2024-10-17,0.05518194017465599,0.5,0.03678796011643733,0.8,-0.9
MDLZ,2024-10-24,0.04382315218873353,8.0,0.02921543479248902,0.2,-0.3
MDLZ,2024-10-31,0.03515472372254852,4.0,0.07030944744509704,0.2,-0.3
MDLZ,2024-11-07,0.04723521608563827,8.0,0.04723521608563827,0.2,-0.3
MDLZ,2024-11-14,0.05155609571249431,8.0,0.05155609571249431,0.2,-0.3
MDLZ,2024-11-21,0.09590848864172127,8.0,0.06393899242781419,0.2,-0.3
MDLZ,2024-11-29,0.05143579514521073,8.0,0.10287159029042146,0.2,-0.3
MDLZ,2024-12-06,0.08625785218635904,8.0,0.04312892609317952,0.2,-0.3
MDLZ,2024-12-13,0.038086442032551716,8.0,0.07617288406510343,0.2,-0.3
MDLZ,2024-12-20,0.04559741165009407,8.0,0.13679223495028223,0.2,-0.3
MDLZ,2024-12-30,0.051662605062867364,8.0,0.034441736708578245,0.2,-0.3
MDLZ,2025-01-07,0.09857447801438053,8.0,0.1478617170215708,0.2,-0.3
MDLZ,2025-01-15,0.2681586123472631,8.0,0.06703965308681578,0.2,-0.3
MDLZ,2025-01-23,0.06776321971815093,8.0,0.04517547981210062,0.2,-0.3
MDLZ,2025-01-30,0.08761613210546307,0.5,0.02920537736848769,0.8,-0.9
MDLZ,2025-02-06,0.0585554023411444,2.0,0.1756662070234332,0.8,-0.3
MDLZ,2025-02-13,0.11198364822952833,2.0,0.055991824114764166,0.8,-0.9
MDLZ,2025-02-21,0.13771533582652107,0.5,0.13771533582652107,0.8,-0.9
MDLZ,2025-02-28,0.09144576288407778,0.5,0.030481920961359262,0.8,-0.9
MDLZ,2025-03-07,0.07474388031839949,0.5,0.04982925354559966,0.8,-0.9
MDLZ,2025-03-14,0.06693250868055556,2.0,0.13386501736111112,0.8,-0.3
MDLZ,2025-03-21,0.05931496888528137,4.0,0.08897245332792206,0.8,-0.9
MDLZ,2025-03-28,0.05970264245031359,0.5,0.11940528490062718,0.8,-0.9
MDLZ,2025-04-04,0.18267740974502825,8.0,0.04566935243625706,0.8,-0.9
MDLZ,2025-04-11,0.13504226545424605,0.5,0.06752113272712303,0.8,-0.9
MDLZ,2025-04-21,0.09491492971756282,0.5,0.06327661981170855,0.8,-0.9
MDLZ,2025-04-28,0.07365897323830019,2.0,0.11048845985745029,0.8,-0.7
MDLZ,2025-05-05,0.054074407261110694,1.0,0.1622232217833321,0.8,-0.9
MDLZ,2025-05-12,0.0449557077681818,2.0,0.0899114155363636,0.8,-0.3
MDLZ,2025-05-19,0.05170013357404236,0.5,0.03446675571602824,0.8,-0.9
MDLZ,2025-05-27,0.11962333252282996,0.5,0.05981166626141498,0.8,-0.9
MDLZ,2025-06-03,0.05966170678237969,8.0,0.08949256017356953,0.8,-0.9
MDLZ,2025-06-10,0.05326143566912543,0.5,0.03550762377941696,0.8,-0.9
MDLZ,2025-06-17,0.07445681907943723,0.5,0.04963787938629149,0.8,-0.9
MDLZ,2025-06-25,0.05854451799694216,0.5,0.03902967866462811,0.8,-0.9
MDLZ,2025-07-02,0.12748996610594013,0.5,0.06374498305297006,0.8,-0.9
MDLZ,2025-07-10,0.04514819894270506,8.0,0.1354445968281152,0.8,-0.3
MDLZ,2025-07-17,0.11666181954996803,0.5,0.11666181954996803,0.8,-0.9
MDLZ,2025-07-24,0.07298491280651015,0.5,0.04865660853767343,0.8,-0.9
MDLZ,2025-07-31,0.07382390684705775,8.0,0.049215937898038506,0.2,-0.3
MDLZ,2025-08-07,0.11021124045697618,8.0,0.036737080152325394,0.2,-0.3
MDLZ,2025-08-14,0.06611345007588192,8.0,0.09917017511382287,0.2,-0.3
MDLZ,2025-08-21,0.04465135751400957,4.0,0.08930271502801913,0.8,-0.3
MDLZ,2025-08-28,0.05580217900419294,8.0,0.05580217900419294,0.2,-0.3
META,2024-01-02,0.1277792066758116,0.5,0.0958344050068587,0.8,-0.9
META,2024-01-09,0.3333361369807545,0.5,0.1111120456602515,0.8,-0.9
META,2024-01-17,0.24178838129207486,8.0,0.16119225419471658,0.8,-0.9
META,2024-01-24,0.24556219178626976,0.5,0.24556219178626976,0.8,-0.9
META,2024-01-31,0.19955623507220036,0.5,0.5986687052166011,0.8,-0.9
META,2024-02-07,0.0023270392506378654,8.0,0.001745279437978399,0.2,-0.3
META,2024-02-14,0.15063395949975095,1.0,0.3012679189995019,0.8,-0.9
META,2024-02-22,0.31187634219151056,0.5,0.9356290265745317,0.8,-0.9
META,2024-02-29,0.012787924911212584,0.5,0.009590943683409438,0.8,-0.7
META,2024-03-07,0.20510497108443063,0.5,0.6153149132532919,0.8,-0.9
META,2024-03-14,0.2615592032024069,0.5,0.19616940240180517,0.8,-0.9
META,2024-03-21,0.11135218174660062,8.0,0.3340565452398019,0.8,-0.9
META,2024-03-28,0.23486927897792137,0.5,0.15657951931861425,0.8,-0.9
META,2024-04-05,0.02344273025857087,0.5,0.017582047693928154,0.8,-0.7
META,2024-04-12,0.2831565935649569,0.5,0.2831565935649569,0.8,-0.9
META,2024-04-19,0.31824969356554794,4.0,0.15912484678277397,0.2,-0.3
META,2024-04-26,0.1192592853032042,8.0,0.0596296426516021,0.2,-0.3
META,2024-05-03,0.12355683297779908,8.0,0.16474244397039878,0.2,-0.3
META,2024-05-10,0.1015731690019453,4.0,0.15235975350291794,0.8,-0.9
META,2024-05-17,0.1161754309895037,0.5,0.0774502873263358,0.8,-0.9
META,2024-05-24,0.18295111235506165,0.5,0.12196740823670776,0.8,-0.9
META,2024-06-03,0.1914098464969991,4.0,0.06380328216566637,0.8,-0.9
META,2024-06-10,0.229410245904216,0.5,0.15294016393614399,0.8,-0.9
META,2024-06-17,0.07820690840786373,8.0,0.1173103626117956,0.5,-0.9
META,2024-06-25,0.16103555852506957,4.0,0.32207111705013913,0.8,-0.9
META,2024-07-02,0.11448965561669588,4.0,0.34346896685008765,0.8,-0.9
META,2024-07-10,0.2601208507854142,1.0,0.08670695026180474,0.8,-0.9
META,2024-07-17,0.40074155060442146,8.0,0.10018538765110536,0.2,-0.3
META,2024-07-24,0.8459126893523508,8.0,0.2819708964507836,0.2,-0.3
META,2024-07-31,0.2788842672242002,8.0,0.2788842672242002,0.2,-0.3
META,2024-08-07,0.21340444826269567,8.0,0.10670222413134783,0.8,-0.9
META,2024-08-14,0.20435254574370604,0.5,0.20435254574370604,0.8,-0.9
META,2024-08-21,0.24632862175707548,2.0,0.7389858652712264,0.8,-0.9
META,2024-08-28,0.15945199658968842,0.5,0.11958899744226631,0.8,-0.9
META,2024-09-05,0.05267445958854322,8.0,0.10534891917708644,0.2,-0.3
META,2024-09-12,0.46676808333333325,8.0,0.23338404166666663,0.8,-0.9
META,2024-09-19,0.0567296220297632,0.5,0.0567296220297632,0.8,-0.9
META,2024-09-26,0.6987137003678651,8.0,0.17467842509196627,0.8,-0.9
META,2024-10-03,0.3019892680765423,0.5,0.3019892680765423,0.8,-0.9
META,2024-10-10,0.9096781412760417,0.5,0.9096781412760417,0.8,-0.9
META,2024-10-17,0.24808627690484836,8.0,0.08269542563494946,0.8,-0.9
META,2024-10-24,0.2518802557127851,0.5,0.12594012785639255,0.8,-0.9
META,2024-10-31,0.14083055011225346,8.0,0.07041527505612673,0.8,-0.7
META,2024-11-07,0.24676983173076922,1.0,0.16451322115384615,0.8,-0.9
META,2024-11-14,0.12231563079777363,0.5,0.24463126159554727,0.8,-0.9
META,2024-11-21,0.08945469674556208,2.0,0.029818232248520697,0.8,-0.9
META,2024-11-29,0.15825966877398157,0.5,0.31651933754796313,0.8,-0.9
META,2024-12-06,0.2765053757425907,0.5,0.2765053757425907,0.8,-0.9
META,2024-12-13,0.30280566857142854,0.5,0.2018704457142857,0.8,-0.9
META,2024-12-20,0.2952585714937911,0.5,0.2952585714937911,0.8,-0.9
META,2024-12-30,0.1419595367335464,0.5,0.21293930510031958,0.8,-0.9
META,2025-01-07,0.3433781050167387,0.5,0.6867562100334774,0.8,-0.9
META,2025-01-15,0.1843880020508895,0.5,0.1843880020508895,0.8,-0.9
META,2025-01-23,0.23050334907481265,8.0,0.11525167453740633,0.8,-0.9
META,2025-01-30,0.17000490157177167,0.5,0.17000490157177167,0.8,-0.9
META,2025-02-06,0.4642981981550949,0.5,0.4642981981550949,0.8,-0.9
META,2025-02-13,0.2429485984469565,0.5,0.2429485984469565,0.8,-0.9
META,2025-02-21,0.02544655084375716,0.5,0.02544655084375716,0.8,-0.5
META,2025-02-28,0.11263624745887017,0.5,0.11263624745887017,0.8,-0.9
META,2025-03-07,0.13960491005035267,1.0,0.41881473015105797,0.8,-0.9
META,2025-03-14,0.14799003065140232,0.5,0.0493300102171341,0.8,-0.9
META,2025-03-21,0.1136823270283048,8.0,0.3410469810849144,0.2,-0.3
META,2025-03-28,0.10490006178942163,0.5,0.07867504634206622,0.2,-0.3
META,2025-04-04,2.0,8.0,2.0,0.2,-0.3
META,2025-04-11,0.221248093663333,8.0,0.14749872910888867,0.2,-0.3
META,2025-04-21,1.055089267227227,0.5,0.7913169504204203,0.2,-0.3
META,2025-04-28,0.2746541656265245,4.0,0.13732708281326225,0.2,-0.3
META,2025-05-05,0.1303064732219837,2.0,0.04343549107399457,0.8,-0.9
META,2025-05-12,0.007801020445773709,0.5,0.005850765334330282,0.2,-0.9
META,2025-05-19,0.17040527573981468,0.5,0.08520263786990734,0.8,-0.9
META,2025-05-27,0.16491589118903519,8.0,0.08245794559451759,0.8,-0.9
META,2025-06-03,0.15839539213926776,1.0,0.07919769606963388,0.8,-0.9
META,2025-06-10,0.1469583436269633,0.5,0.036739585906740826,0.8,-0.9
META,2025-06-17,0.3120349296885322,8.0,0.10401164322951073,0.8,-0.9
META,2025-06-25,0.1730895214955952,4.0,0.2596342822433928,0.8,-0.9
META,2025-07-02,0.2435109194199044,2.0,0.1217554597099522,0.8,-0.9
META,2025-07-10,0.1700532101116385,0.5,0.12753990758372885,0.8,-0.9
META,2025-07-17,0.1807149522672089,4.0,0.06023831742240297,0.8,-0.9
META,2025-07-24,0.1375587572104155,0.5,0.1375587572104155,0.8,-0.9
META,2025-07-31,0.11915210904766968,0.5,0.11915210904766968,0.8,-0.9
META,2025-08-07,0.13893034475780397,0.5,0.06946517237890198,0.8,-0.9
META,2025-08-14,0.24958218753664105,0.5,0.24958218753664105,0.8,-0.9
META,2025-08-21,0.11996865053155036,0.5,0.05998432526577518,0.8,-0.9
META,2025-08-28,0.08203239033189559,8.0,0.16406478066379118,0.8,-0.9
MO,2024-01-02,0.0188961081383773,0.5,0.004724027034594325,0.8,-0.3
MO,2024-01-09,0.02484927145516607,8.0,0.016566180970110714,0.2,-0.3
MO,2024-01-17,0.022710151247353042,8.0,0.06813045374205913,0.2,-0.3
MO,2024-01-24,0.0440330704720881,8.0,0.02201653523604405,0.2,-0.3
MO,2024-01-31,0.07429095235519984,8.0,0.03714547617759992,0.2,-0.3
MO,2024-02-07,0.0554261690631684,8.0,0.0554261690631684,0.2,-0.3
MO,2024-02-14,0.024259831163796892,8.0,0.012129915581898446,0.2,-0.3
MO,2024-02-22,0.03693166005596747,0.5,0.024621106703978317,0.8,-0.3
MO,2024-02-29,0.03691459613765466,8.0,0.03691459613765466,0.2,-0.3
MO,2024-03-07,0.05706517697798929,0.5,0.05706517697798929,0.8,-0.9
MO,2024-03-14,0.04593111634239036,0.5,0.030620744228260242,0.8,-0.9
MO,2024-03-21,0.04254876030864524,0.5,0.02127438015432262,0.8,-0.9
MO,2024-03-28,0.04008566572741562,0.5,0.12025699718224686,0.8,-0.9
MO,2024-04-05,0.04642356905997695,0.5,0.03481767679498271,0.2,-0.3
MO,2024-04-12,0.0832025615985577,8.0,0.02773418719951923,0.2,-0.3
MO,2024-04-19,0.0588613063700755,8.0,0.019620435456691832,0.8,-0.9
MO,2024-04-26,0.04028288356996641,0.5,0.026855255713310943,0.8,-0.9
MO,2024-05-03,0.04477236862620801,0.5,0.04477236862620801,0.8,-0.9
MO,2024-05-10,0.02123848276289682,0.5,0.02123848276289682,0.8,-0.9
MO,2024-05-17,0.0829518169435124,0.5,0.05530121129567494,0.8,-0.9
MO,2024-05-24,0.044519012008212365,0.5,0.08903802401642473,0.8,-0.3
MO,2024-06-03,0.11897916052453777,8.0,0.05948958026226889,0.8,-0.9
MO,2024-06-10,0.04037096040054618,0.5,0.08074192080109235,0.8,-0.9
MO,2024-06-17,0.028872313869992436,2.0,0.019248209246661624,0.2,-0.3
MO,2024-06-25,0.05359709805354767,0.5,0.05359709805354767,0.8,-0.9
MO,2024-07-02,0.03883612079498296,8.0,0.05825418119247444,0.8,-0.9
MO,2024-07-10,0.0648628006757493,8.0,0.021620933558583102,0.8,-0.9
MO,2024-07-17,0.10211941524559161,0.5,0.06807961016372774,0.8,-0.9
MO,2024-07-24,0.11040720772821908,0.5,0.07360480515214606,0.8,-0.9
MO,2024-07-31,0.09271773497623359,0.5,0.046358867488116795,0.8,-0.9
MO,2024-08-07,0.1670003955465714,0.5,0.12525029665992854,0.8,-0.9
MO,2024-08-14,0.1198830202150767,0.5,0.1198830202150767,0.8,-0.9
MO,2024-08-21,0.19146800182066454,0.5,0.38293600364132907,0.8,-0.9
MO,2024-08-28,0.14985807085881492,2.0,0.44957421257644475,0.8,-0.9
MO,2024-09-05,0.07518931265881715,0.5,0.05012620843921143,0.8,-0.9
MO,2024-09-12,0.05466518237748896,0.5,0.01366629559437224,0.8,-0.9
MO,2024-09-19,0.046679596684207625,0.5,0.046679596684207625,0.8,-0.3
MO,2024-09-26,0.050234623228482524,0.5,0.025117311614241262,0.8,-0.9
MO,2024-10-03,0.0488805189370161,0.5,0.0325870126246774,0.8,-0.9
MO,2024-10-10,0.06142663242609674,4.0,0.015356658106524186,0.8,-0.9
MO,2024-10-17,0.033071128115294814,0.5,0.09921338434588445,0.8,-0.9
MO,2024-10-24,0.12487398005385603,0.5,0.08324932003590402,0.8,-0.9
MO,2024-10-31,0.14219583567265864,0.5,0.04739861189088621,0.8,-0.9
MO,2024-11-07,0.052199162356351345,0.5,0.10439832471270269,0.8,-0.9
MO,2024-11-14,0.036037390219371176,0.5,0.024024926812914116,0.8,-0.9
MO,2024-11-21,0.04498634786448803,1.0,0.1349590435934641,0.8,-0.9
MO,2024-11-29,0.055048991130091124,0.5,0.03669932742006075,0.8,-0.9
MO,2024-12-06,0.1361008080756838,8.0,0.0680504040378419,0.8,-0.9
MO,2024-12-13,0.039906225609909404,2.0,0.059859338414864106,0.8,-0.9
MO,2024-12-20,0.08514191937869821,0.5,0.0283806397928994,0.8,-0.9
MO,2024-12-30,0.04400872471128633,0.5,0.04400872471128633,0.8,-0.3
MO,2025-01-07,0.06036539431259777,8.0,0.04527404573444833,0.2,-0.3
MO,2025-01-15,0.06065482991262955,8.0,0.040436553275086363,0.8,-0.7
MO,2025-01-23,0.09117812918060206,8.0,0.030392709726867355,0.8,-0.9
MO,2025-01-30,0.08597181372549016,0.5,0.04298590686274508,0.8,-0.9
MO,2025-02-06,0.05830222933010738,0.5,0.02915111466505369,0.8,-0.9
MO,2025-02-13,0.06201950806330993,0.5,0.04134633870887328,0.8,-0.9
MO,2025-02-21,0.13326157492188762,0.5,0.08884104994792508,0.8,-0.9
MO,2025-02-28,0.118105431643165,0.5,0.03936847721438833,0.8,-0.9
MO,2025-03-07,0.17030690261887668,0.5,0.17030690261887668,0.8,-0.9
MO,2025-03-14,0.3147699193489124,2.0,0.0786924798372281,0.8,-0.9
MO,2025-03-21,0.08314447505356598,0.5,0.04157223752678299,0.8,-0.9
MO,2025-03-28,0.13789533306364865,0.5,0.04596511102121622,0.8,-0.9
MO,2025-04-04,0.11350579853473589,0.5,0.05675289926736794,0.8,-0.9
MO,2025-04-11,0.16331371096405323,0.5,0.08165685548202661,0.8,-0.9
MO,2025-04-21,0.25146616383358383,0.5,0.16764410922238923,0.8,-0.9
MO,2025-04-28,0.1814980191309534,0.5,0.0604993397103178,0.8,-0.9
MO,2025-05-05,0.11414892948199203,0.5,0.05707446474099601,0.8,-0.9
MO,2025-05-12,0.040205537120845423,2.0,0.12061661136253626,0.8,-0.9
MO,2025-05-19,0.02739360745656222,0.5,0.020545205592421664,0.8,-0.9
MO,2025-05-27,0.05484669686701801,0.5,0.03656446457801201,0.8,-0.9
MO,2025-06-03,0.14388984174266792,0.5,0.14388984174266792,0.8,-0.9
MO,2025-06-10,0.07671970284181831,4.0,0.038359851420909155,0.8,-0.9
MO,2025-06-17,0.04271250212332256,0.5,0.028475001415548373,0.8,-0.9
MO,2025-06-25,0.06732469512195122,2.0,0.016831173780487804,0.8,-0.5
MO,2025-07-02,0.07154486869404611,4.0,0.07154486869404611,0.8,-0.9
MO,2025-07-10,0.07104086015732772,0.5,0.07104086015732772,0.8,-0.9
MO,2025-07-17,0.06403872497474015,8.0,0.03201936248737008,0.8,-0.9
MO,2025-07-24,0.15170278755426148,4.0,0.05056759585142049,0.8,-0.9
MO,2025-07-31,0.07796560830684618,0.5,0.02598853610228206,0.8,-0.9
MO,2025-08-07,0.2910505022831539,2.0,0.14552525114157694,0.8,-0.9
MO,2025-08-14,0.21056987080903888,0.5,0.14037991387269258,0.8,-0.9
MO,2025-08-21,0.06056867040429736,0.5,0.12113734080859472,0.8,-0.9
MO,2025-08-28,0.13778392108707016,0.5,0.0918559473913801,0.8,-0.9
MSFT,2024-01-02,0.18711229914983424,0.5,0.12474153276655615,0.8,-0.9
MSFT,2024-01-09,0.10386891700920756,0.5,0.05193445850460378,0.8,-0.9
MSFT,2024-01-17,0.11781915417957699,0.5,0.11781915417957699,0.8,-0.9
MSFT,2024-01-24,0.2723616373394611,0.5,0.09078721244648703,0.8,-0.9
MSFT,2024-01-31,0.10622471470762992,0.5,0.03540823823587664,0.8,-0.9
MSFT,2024-02-07,0.15040756385719226,0.5,0.10027170923812817,0.8,-0.9
MSFT,2024-02-14,0.06512535131716703,0.5,0.09768802697575055,0.8,-0.9
MSFT,2024-02-22,0.007573565441737193,0.5,0.005049043627824795,0.2,-0.9
MSFT,2024-02-29,0.1851352879058709,4.0,0.04628382197646772,0.8,-0.9
MSFT,2024-03-07,0.15556959434373846,0.5,0.10371306289582564,0.8,-0.9
MSFT,2024-03-14,0.4165796315285499,0.5,0.4165796315285499,0.8,-0.9
MSFT,2024-03-21,0.12216737642996657,0.5,0.12216737642996657,0.8,-0.9
MSFT,2024-03-28,0.111701346975948,8.0,0.037233782325315996,0.8,-0.9
MSFT,2024-04-05,0.21736426224938593,0.5,0.07245475408312864,0.8,-0.9
MSFT,2024-04-12,0.02633990331578166,0.5,0.05267980663156332,0.8,-0.9
MSFT,2024-04-19,0.19421313758679382,8.0,0.06473771252893128,0.8,-0.9
MSFT,2024-04-26,0.049508531979446144,2.0,0.14852559593833842,0.8,-0.9
MSFT,2024-05-03,0.05584954641644511,0.5,0.027924773208222554,0.8,-0.9
MSFT,2024-05-10,0.0002758262454922937,8.0,0.0002068696841192203,0.2,-0.3
MSFT,2024-05-17,0.08345918785356658,0.5,0.06259439089017493,0.8,-0.9
MSFT,2024-05-24,0.1600387122252747,0.5,0.24005806833791205,0.8,-0.9
MSFT,2024-06-03,0.12108363679460012,2.0,0.06054181839730006,0.8,-0.9
MSFT,2024-06-10,0.03966733773489177,0.5,0.03966733773489177,0.8,-0.9
MSFT,2024-06-17,0.17233258322549921,0.5,0.17233258322549921,0.8,-0.9
MSFT,2024-06-25,0.18959207518712234,0.5,0.1263947167914149,0.8,-0.9
MSFT,2024-07-02,0.1850903801385964,0.5,0.1850903801385964,0.8,-0.9
MSFT,2024-07-10,0.25150803605996075,0.5,0.12575401802998037,0.8,-0.9
MSFT,2024-07-17,0.13487270415544686,0.5,0.10115452811658515,0.8,-0.9
MSFT,2024-07-24,0.15134524164627383,0.5,0.15134524164627383,0.8,-0.9
MSFT,2024-07-31,0.06474753869354292,2.0,0.12949507738708585,0.8,-0.9
MSFT,2024-08-07,0.1171930295389744,8.0,0.07812868635931626,0.8,-0.9
MSFT,2024-08-14,0.052414203328804324,0.5,0.039310652496603246,0.8,-0.9
MSFT,2024-08-21,0.1330942501051009,0.5,0.08872950007006727,0.8,-0.9
MSFT,2024-08-28,0.08031771687791579,1.0,0.040158858438957896,0.8,-0.9
MSFT,2024-09-05,0.07932746115778844,1.0,0.2379823834733653,0.8,-0.9
MSFT,2024-09-12,0.19488300654471655,0.5,0.19488300654471655,0.8,-0.9
MSFT,2024-09-19,0.026945432270741625,0.5,0.013472716135370813,0.8,-0.9
MSFT,2024-09-26,0.09181260695357167,0.5,0.045906303476785836,0.8,-0.9
MSFT,2024-10-03,0.08501515604238079,0.5,0.056676770694920525,0.8,-0.7
MSFT,2024-10-10,0.0776534175111608,2.0,0.1553068350223216,0.8,-0.9
MSFT,2024-10-17,0.10317588518013321,0.5,0.051587942590066604,0.8,-0.9
MSFT,2024-10-24,0.16163689011068097,0.5,0.16163689011068097,0.8,-0.9
MSFT,2024-10-31,0.05851086221357915,8.0,0.1170217244271583,0.2,-0.3
MSFT,2024-11-07,0.02673940427780815,0.5,0.017826269518538766,0.8,-0.9
MSFT,2024-11-14,0.05811958354081054,0.5,0.03874638902720703,0.8,-0.9
MSFT,2024-11-21,0.06486161543054611,0.5,0.032430807715273055,0.8,-0.9
MSFT,2024-11-29,0.0582586874306648,0.5,0.019419562476888266,0.8,-0.9
MSFT,2024-12-06,0.2042931235622039,2.0,0.06809770785406796,0.8,-0.9
MSFT,2024-12-13,0.07501342050562745,0.5,0.05626006537922059,0.8,-0.9
MSFT,2024-12-20,0.0030561639874755664,0.5,0.0022921229906066745,0.2,-0.3
MSFT,2024-12-30,0.2933300721631721,0.5,0.2933300721631721,0.8,-0.9
MSFT,2025-01-07,0.12338406166293914,8.0,0.0822560411086261,0.8,-0.9
MSFT,2025-01-15,0.09527010204873439,0.5,0.19054020409746877,0.8,-0.9
MSFT,2025-01-23,0.11329630206330897,0.5,0.056648151031654485,0.8,-0.9
MSFT,2025-01-30,0.11857800612171267,8.0,0.059289003060856334,0.2,-0.3
MSFT,2025-02-06,0.042272734677152805,8.0,0.08454546935430561,0.2,-0.3
MSFT,2025-02-13,0.040042550538718504,8.0,0.026695033692479,0.2,-0.3
MSFT,2025-02-21,0.07698843558222492,0.5,0.05132562372148328,0.2,-0.3
MSFT,2025-02-28,0.09131898100864874,8.0,0.09131898100864874,0.2,-0.3
MSFT,2025-03-07,0.0825349618264572,8.0,0.1238024427396858,0.2,-0.3
MSFT,2025-03-14,0.06417995074839587,8.0,0.06417995074839587,0.2,-0.3
MSFT,2025-03-21,0.07708365878455155,0.5,0.07708365878455155,0.8,-0.9
MSFT,2025-03-28,0.10579438668826087,8.0,0.052897193344130435,0.2,-0.3
MSFT,2025-04-04,0.21249870120672004,2.0,0.6374961036201601,0.8,-0.9
MSFT,2025-04-11,0.15646492292630013,2.0,0.4693947687789004,0.8,-0.9
MSFT,2025-04-21,0.29145430859126714,8.0,0.29145430859126714,0.2,-0.3
MSFT,2025-04-28,0.28828274674872806,8.0,0.14414137337436403,0.8,-0.9
MSFT,2025-05-05,0.006744399935907706,0.5,0.0050582999519307795,0.8,-0.9
MSFT,2025-05-12,0.2726694845760433,0.5,0.2726694845760433,0.8,-0.9
MSFT,2025-05-19,0.09525169721609905,0.5,0.06350113147739937,0.8,-0.9
MSFT,2025-05-27,0.09778567214272837,0.5,0.2933570164281851,0.8,-0.9
MSFT,2025-06-03,0.07587106593210562,0.5,0.11380659889815842,0.8,-0.9
MSFT,2025-06-10,0.27267528239475824,0.5,0.18178352159650552,0.8,-0.9
MSFT,2025-06-17,0.3307850424561496,0.5,0.4961775636842244,0.8,-0.9
MSFT,2025-06-25,0.10026405742448392,0.5,0.05013202871224196,0.8,-0.9
MSFT,2025-07-02,0.20013073873834195,0.5,0.3001961081075129,0.8,-0.9
MSFT,2025-07-10,0.22373222719115618,0.5,0.22373222719115618,0.8,-0.9
MSFT,2025-07-17,0.1149840049342105,1.0,0.038328001644736834,0.8,-0.9
MSFT,2025-07-24,0.0715833410830056,8.0,0.0477222273886704,0.8,-0.9
MSFT,2025-07-31,0.19486823410876436,0.5,0.06495607803625479,0.8,-0.9
MSFT,2025-08-07,0.004558837585034012,0.5,0.003419128188775509,0.2,-0.9
MSFT,2025-08-14,0.19365637235279246,0.5,0.09682818617639623,0.8,-0.9
MSFT,2025-08-21,0.09053154072176559,0.5,0.09053154072176559,0.8,-0.9
MSFT,2025-08-28,0.047251316959546916,0.5,0.047251316959546916,0.8,-0.9
NFLX,2024-01-02,0.10442914179292202,8.0,0.3132874253787661,0.8,-0.9
NFLX,2024-01-09,0.21800121029093092,1.0,0.3270018154363964,0.8,-0.9
NFLX,2024-01-17,0.09212686858218891,0.5,0.09212686858218891,0.8,-0.9
NFLX,2024-01-24,0.38212650820551064,0.5,0.38212650820551064,0.8,-0.9
NFLX,2024-01-31,0.18881281435756736,0.5,0.18881281435756736,0.8,-0.9
NFLX,2024-02-07,0.2320468947457729,0.5,0.15469792983051525,0.8,-0.9
NFLX,2024-02-14,0.3475473490264933,0.5,0.3475473490264933,0.8,-0.9
NFLX,2024-02-22,0.5823853435190164,0.5,0.5823853435190164,0.8,-0.9
NFLX,2024-02-29,0.21636416689301444,1.0,0.05409104172325361,0.8,-0.9
NFLX,2024-03-07,0.2552677177502226,0.5,0.7658031532506678,0.8,-0.9
NFLX,2024-03-14,0.2398064645883775,0.5,0.15987097639225167,0.8,-0.9
NFLX,2024-03-21,0.3978825801416946,0.5,0.3978825801416946,0.8,-0.9
NFLX,2024-03-28,0.15821679398829222,8.0,0.23732519098243832,0.8,-0.9
NFLX,2024-04-05,0.6636866345650685,8.0,0.16592165864126712,0.8,-0.9
NFLX,2024-04-12,0.8501180482039724,8.0,0.4250590241019862,0.8,-0.9
NFLX,2024-04-19,0.009492373863534073,2.0,0.014238560795301109,0.8,-0.9
NFLX,2024-04-26,0.08306608665662454,0.5,0.11075478220883272,0.8,-0.3
NFLX,2024-05-03,0.02296846647420129,0.5,0.01722634985565097,0.5,-0.9
NFLX,2024-05-10,0.2916156452060422,4.0,0.1458078226030211,0.8,-0.9
NFLX,2024-05-17,0.27344908131793816,0.5,0.13672454065896908,0.8,-0.9
NFLX,2024-05-24,0.22176145761574725,2.0,0.6652843728472417,0.8,-0.9
NFLX,2024-06-03,0.09582290062164574,2.0,0.2874687018649372,0.8,-0.9
NFLX,2024-06-10,0.16876469365627975,1.0,0.11250979577085317,0.8,-0.9
NFLX,2024-06-17,0.22500053891540295,0.5,0.1500003592769353,0.8,-0.9
NFLX,2024-06-25,0.31976803663096154,0.5,0.31976803663096154,0.8,-0.9
NFLX,2024-07-02,0.3294012516990327,0.5,0.3294012516990327,0.8,-0.9
NFLX,2024-07-10,0.4780597061194122,4.0,0.2390298530597061,0.8,-0.9
NFLX,2024-07-17,0.27844819141539445,8.0,0.09281606380513148,0.2,-0.3
NFLX,2024-07-24,0.08333751271924027,8.0,0.1250062690788604,0.2,-0.3
NFLX,2024-07-31,0.02051500741554365,8.0,0.0410300148310873,0.2,-0.3
NFLX,2024-08-07,0.13005184990715873,2.0,0.06502592495357937,0.2,-0.3
NFLX,2024-08-14,0.13191951859381887,0.5,0.06595975929690943,0.8,-0.9
NFLX,2024-08-21,0.1937431147916241,0.5,0.1937431147916241,0.8,-0.9
NFLX,2024-08-28,0.13059867641505074,0.5,0.13059867641505074,0.8,-0.9
NFLX,2024-09-05,0.058795422539472036,0.5,0.058795422539472036,0.8,-0.9
NFLX,2024-09-12,0.159479259064323,0.5,0.106319506042882,0.8,-0.9
NFLX,2024-09-19,0.3343729942427742,2.0,0.2229153294951828,0.8,-0.9
NFLX,2024-09-26,0.25807555962454337,8.0,0.5161511192490867,0.8,-0.9
NFLX,2024-10-03,0.5355648226022025,2.0,0.1785216075340675,0.8,-0.9
NFLX,2024-10-10,0.29850107719702884,0.5,0.29850107719702884,0.8,-0.9
NFLX,2024-10-17,0.16142490451389724,0.5,0.16142490451389724,0.8,-0.9
NFLX,2024-10-24,0.1820868535308358,0.5,0.1820868535308358,0.8,-0.9
NFLX,2024-10-31,0.1603881635239795,0.5,0.10692544234931967,0.8,-0.9
NFLX,2024-11-07,2.0,0.5,2.0,0.8,-0.9
NFLX,2024-11-14,0.6857685189798397,0.5,0.6857685189798397,0.8,-0.9
NFLX,2024-11-21,0.125,0.5,0.09375,0.8,-0.9
NFLX,2024-11-29,0.33188323351460436,0.5,0.33188323351460436,0.8,-0.9
NFLX,2024-12-06,1.446685808479389,0.5,1.446685808479389,0.8,-0.9
NFLX,2024-12-13,0.5893488485935753,4.0,1.1786976971871506,0.8,-0.9
NFLX,2024-12-20,0.3790230185476682,0.5,0.3790230185476682,0.8,-0.9
NFLX,2024-12-30,0.5911369770575498,0.5,0.5911369770575498,0.8,-0.9
NFLX,2025-01-07,0.12224438113327002,0.5,0.12224438113327002,0.8,-0.9
NFLX,2025-01-15,0.26611626785084086,2.0,0.08870542261694694,0.8,-0.9
NFLX,2025-01-23,1.0532669699773753,0.5,1.0532669699773753,0.8,-0.9
NFLX,2025-01-30,0.0003330398160891372,1.0,0.0002497798620668529,0.2,-0.3
NFLX,2025-02-06,1.408248577734766,8.0,0.704124288867383,0.8,-0.9
NFLX,2025-02-13,2.0,0.5,2.0,0.8,-0.9
NFLX,2025-02-21,0.2592733520103435,0.5,0.19445501400775764,0.8,-0.9
NFLX,2025-02-28,0.24000807614479266,0.5,0.1800060571085945,0.8,-0.9
NFLX,2025-03-07,0.1394983253427535,0.5,0.04649944178091783,0.8,-0.9
NFLX,2025-03-14,0.29943952785868405,0.5,0.19962635190578937,0.8,-0.9
NFLX,2025-03-21,0.23003399147727263,2.0,0.34505098721590893,0.8,-0.9
NFLX,2025-03-28,0.30373105934834815,0.5,0.30373105934834815,0.8,-0.9
NFLX,2025-04-04,0.017973794527001975,0.5,0.008986897263500987,0.8,-0.9
NFLX,2025-04-11,0.26299540004106176,0.5,0.13149770002053088,0.8,-0.9
NFLX,2025-04-21,0.2922695484304317,0.5,0.2922695484304317,0.8,-0.9
NFLX,2025-04-28,1.1769726843291244,0.5,1.1769726843291244,0.8,-0.9
NFLX,2025-05-05,0.8046814940804347,0.5,0.8046814940804347,0.8,-0.9
NFLX,2025-05-12,0.9932514234250364,8.0,0.33108380780834545,0.8,-0.9
NFLX,2025-05-19,1.3992627531034754,0.5,1.3992627531034754,0.8,-0.9
NFLX,2025-05-27,0.4857021720730985,0.5,0.971404344146197,0.8,-0.9
NFLX,2025-06-03,0.8183592218229124,4.0,0.4091796109114562,0.8,-0.9
NFLX,2025-06-10,0.2152852813529997,2.0,0.10764264067649985,0.8,-0.9
NFLX,2025-06-17,0.1593063596542493,2.0,0.3186127193084986,0.8,-0.9
NFLX,2025-06-25,0.28692409995173457,0.5,0.28692409995173457,0.8,-0.9
NFLX,2025-07-02,0.3051121079536973,4.0,0.15255605397684865,0.8,-0.9
NFLX,2025-07-10,0.27530600918711723,0.5,0.18353733945807815,0.8,-0.9
NFLX,2025-07-17,0.2724986818165585,8.0,0.09083289393885284,0.8,-0.9
NFLX,2025-07-24,0.009589023482268552,8.0,0.009589023482268552,0.2,-0.3
NFLX,2025-07-31,0.16872219072566522,8.0,0.16872219072566522,0.2,-0.3
NFLX,2025-08-07,0.08057763988599176,1.0,0.05371842659066117,0.8,-0.3
NFLX,2025-08-14,0.08065413952973173,4.0,0.1209812092945976,0.8,-0.9
NFLX,2025-08-21,0.101817666986191,8.0,0.0509088334930955,0.2,-0.3
NFLX,2025-08-28,0.07514705182587167,4.0,0.15029410365174334,0.8,-0.9
NVDA,2024-01-02,0.17664083452079649,0.5,0.11776055634719765,0.8,-0.9
NVDA,2024-01-09,0.5726625855918737,0.5,0.5726625855918737,0.8,-0.9
NVDA,2024-01-17,0.03510177822978303,0.5,0.026326333672337277,0.8,-0.9
NVDA,2024-01-24,0.1341649703960518,0.5,0.2012474555940777,0.8,-0.9
NVDA,2024-01-31,0.1634221450062828,0.5,0.1634221450062828,0.8,-0.9
NVDA,2024-02-07,0.028858506662291915,0.5,0.021643879996718934,0.8,-0.9
NVDA,2024-02-14,0.6251193583928847,8.0,0.20837311946429488,0.8,-0.9
NVDA,2024-02-22,0.2233937935937194,0.5,0.16754534519528955,0.8,-0.9
NVDA,2024-02-29,0.02974880521032337,0.5,0.022311603907742526,0.8,-0.9
NVDA,2024-03-07,1.506402597718887,8.0,2.2596038965783305,0.8,-0.9
NVDA,2024-03-14,0.3679168202844737,2.0,0.3679168202844737,0.8,-0.5
NVDA,2024-03-21,0.29921263850215285,4.0,0.4488189577532293,0.8,-0.9
NVDA,2024-03-28,0.23196029532394585,8.0,0.4639205906478917,0.8,-0.9
NVDA,2024-04-05,0.07567067530241298,0.5,0.05675300647680973,0.8,-0.9
NVDA,2024-04-12,0.06613215893098476,0.5,0.04959911919823857,0.8,-0.9
NVDA,2024-04-19,1.5194279709747591,8.0,0.5064759903249197,0.2,-0.3
NVDA,2024-04-26,0.2625255846824022,0.5,0.19689418851180168,0.5,-0.9
NVDA,2024-05-03,0.3214762718077301,0.5,0.3214762718077301,0.8,-0.9
NVDA,2024-05-10,0.5569103972950127,0.5,0.5569103972950127,0.8,-0.9
NVDA,2024-05-17,0.3507886557337485,2.0,1.0523659672012455,0.8,-0.9
NVDA,2024-05-24,0.6989167545725457,0.5,0.6989167545725457,0.8,-0.9
NVDA,2024-06-03,0.6150783990545907,8.0,0.4100522660363938,0.8,-0.9
NVDA,2024-06-10,0.001760975648552257,8.0,0.0013207317364141928,0.2,-0.3
NVDA,2024-06-17,2.0,0.5,2.0,0.8,-0.9
NVDA,2024-06-25,0.59059577950602,8.0,0.147648944876505,0.8,-0.9
NVDA,2024-07-02,0.4191633812479336,0.5,0.4191633812479336,0.8,-0.9
NVDA,2024-07-10,0.8227902715926086,0.5,0.8227902715926086,0.8,-0.9
NVDA,2024-07-17,0.31663475445863676,8.0,0.21108983630575784,0.2,-0.3
NVDA,2024-07-24,0.32295580109082067,8.0,0.21530386739388044,0.2,-0.3
NVDA,2024-07-31,0.36932890858424783,4.0,0.5539933628763718,0.8,-0.9
NVDA,2024-08-07,0.6488580191526607,4.0,0.4325720127684405,0.2,-0.3
NVDA,2024-08-14,0.7525030598724396,0.5,0.7525030598724396,0.8,-0.9
NVDA,2024-08-21,0.7473341346393779,2.0,1.121001201959067,0.8,-0.9
NVDA,2024-08-28,0.7814604225126811,8.0,1.5629208450253622,0.8,-0.9
NVDA,2024-09-05,0.36876894483370803,8.0,0.122922981611236,0.2,-0.3
NVDA,2024-09-12,0.3471334242305499,0.5,0.08678335605763747,0.8,-0.9
NVDA,2024-09-19,0.1881270236459968,0.5,0.1881270236459968,0.8,-0.9
NVDA,2024-09-26,0.44424531548155105,0.5,0.44424531548155105,0.8,-0.9
NVDA,2024-10-03,0.8318199413952141,8.0,0.5545466275968094,0.8,-0.9
NVDA,2024-10-10,0.9109658538056932,4.0,0.6073105692037954,0.8,-0.9
NVDA,2024-10-17,1.1209130828607436,0.5,1.1209130828607436,0.8,-0.9
NVDA,2024-10-24,0.5620964038896101,0.5,0.5620964038896101,0.8,-0.9
NVDA,2024-10-31,0.7709616744124496,0.5,0.7709616744124496,0.8,-0.9
NVDA,2024-11-07,1.7314714996986622,0.5,1.7314714996986622,0.8,-0.9
NVDA,2024-11-14,0.6448289013413526,0.5,0.6448289013413526,0.8,-0.9
NVDA,2024-11-21,0.19450716964332546,0.5,0.19450716964332546,0.8,-0.9
NVDA,2024-11-29,0.018319923140761484,0.5,0.013739942355571112,0.8,-0.7
NVDA,2024-12-06,0.511583883889555,0.5,0.511583883889555,0.8,-0.9
NVDA,2024-12-13,0.26057039903361345,0.5,0.26057039903361345,0.8,-0.9
NVDA,2024-12-20,0.4268973623111475,8.0,0.10672434057778687,0.8,-0.9
NVDA,2024-12-30,0.058235042685363156,0.5,0.04367628201402236,0.8,-0.9
NVDA,2025-01-07,0.27717187499999996,8.0,0.09239062499999999,0.8,-0.9
NVDA,2025-01-15,0.16119210986827381,8.0,0.24178816480241072,0.8,-0.9
NVDA,2025-01-23,0.22352250869643125,1.0,0.6705675260892938,0.8,-0.9
NVDA,2025-01-30,0.5027609644815808,8.0,0.3351739763210539,0.2,-0.3
NVDA,2025-02-06,0.36155491599050005,4.0,0.48207322132066677,0.2,-0.3
NVDA,2025-02-13,0.30342380256495083,8.0,0.6068476051299017,0.8,-0.9
NVDA,2025-02-21,0.5049404128141144,8.0,0.1683134709380381,0.8,-0.9
NVDA,2025-02-28,0.31494079007409637,8.0,0.31494079007409637,0.2,-0.3
NVDA,2025-03-07,0.6662603601660091,8.0,0.33313018008300455,0.2,-0.3
NVDA,2025-03-14,0.17082654862176808,8.0,0.5124796458653043,0.2,-0.3
NVDA,2025-03-21,0.23659757771500312,8.0,0.07886585923833438,0.2,-0.3
NVDA,2025-03-28,0.15140259679981585,0.5,0.1135519475998619,0.2,-0.3
NVDA,2025-04-04,3.0,8.0,2.0,0.2,-0.3
NVDA,2025-04-11,0.86553809172245,0.5,0.2885126972408167,0.8,-0.9
NVDA,2025-04-21,0.36142507012228525,4.0,0.24095004674819018,0.2,-0.3
NVDA,2025-04-28,0.34032344972306633,1.0,1.020970349169199,0.8,-0.9
NVDA,2025-05-05,0.42545533591850826,8.0,0.2836368906123388,0.8,-0.9
NVDA,2025-05-12,1.040790937731741,0.5,0.693860625154494,0.8,-0.9
NVDA,2025-05-19,2.0,0.5,2.0,0.8,-0.9
NVDA,2025-05-27,0.3223857161495664,0.5,0.2149238107663776,0.8,-0.9
NVDA,2025-06-03,1.2085699020833338,0.5,1.2085699020833338,0.8,-0.9
NVDA,2025-06-10,0.8325640517287666,0.5,0.8325640517287666,0.8,-0.9
NVDA,2025-06-17,0.3466938387907545,8.0,0.17334691939537725,0.8,-0.9
NVDA,2025-06-25,0.6746948091198529,8.0,0.33734740455992646,0.8,-0.9
NVDA,2025-07-02,0.4515559200787804,8.0,0.15051864002626014,0.8,-0.9
NVDA,2025-07-10,0.4028841384320174,8.0,0.26858942562134497,0.8,-0.9
NVDA,2025-07-17,0.530644041356777,4.0,0.7959660620351655,0.8,-0.9
NVDA,2025-07-24,0.31986175807663403,4.0,0.07996543951915851,0.8,-0.9
NVDA,2025-07-31,0.14693165149582554,1.0,0.22039747724373832,0.8,-0.9
NVDA,2025-08-07,2.0,0.5,2.0,0.8,-0.9
NVDA,2025-08-14,0.4574969117012614,0.5,0.9149938234025228,0.8,-0.9
NVDA,2025-08-21,0.2804332468281431,0.5,0.14021662341407154,0.8,-0.9
NVDA,2025-08-28,0.15847303207829427,2.0,0.4754190962348828,0.8,-0.9
PAYX,2024-01-02,0.06701315092363476,8.0,0.10051972638545215,0.2,-0.3
PAYX,2024-01-09,0.03458642763661636,8.0,0.10375928290984908,0.2,-0.3
PAYX,2024-01-17,0.06424540740740742,8.0,0.09636811111111113,0.2,-0.3
PAYX,2024-01-24,0.06298630434782608,8.0,0.06298630434782608,0.2,-0.3
PAYX,2024-01-31,0.034324930630146785,4.0,0.017162465315073393,0.2,-0.3
PAYX,2024-02-07,0.05144926593086213,8.0,0.01714975531028738,0.2,-0.3
PAYX,2024-02-14,0.056927103427211925,0.5,0.028463551713605963,0.8,-0.9
PAYX,2024-02-22,0.07145867781205612,0.5,0.14291735562411223,0.8,-0.9
PAYX,2024-02-29,0.05810113600742668,0.5,0.03873409067161779,0.8,-0.9
PAYX,2024-03-07,0.07068811434078842,0.5,0.14137622868157684,0.8,-0.9
PAYX,2024-03-14,0.07143949134523156,0.5,0.03571974567261578,0.8,-0.9
PAYX,2024-03-21,0.08487351353800819,0.5,0.042436756769004096,0.8,-0.9
PAYX,2024-03-28,0.12327179571594853,0.5,0.06163589785797426,0.8,-0.9
PAYX,2024-04-05,0.05083592635866196,0.5,0.05083592635866196,0.8,-0.9
PAYX,2024-04-12,0.08893531557113404,0.5,0.04446765778556702,0.8,-0.9
PAYX,2024-04-19,0.04539734472042668,8.0,0.06052979296056891,0.2,-0.3
PAYX,2024-04-26,0.06362981812094462,0.5,0.06362981812094462,0.8,-0.9
PAYX,2024-05-03,0.038492714749021724,4.0,0.11547814424706518,0.8,-0.3
PAYX,2024-05-10,0.045607756991685545,0.5,0.011401939247921386,0.8,-0.9
PAYX,2024-05-17,0.10792250301122033,0.5,0.05396125150561017,0.8,-0.9
PAYX,2024-05-24,0.10596404774704128,0.5,0.05298202387352064,0.8,-0.9
PAYX,2024-06-03,0.06476830599095872,0.5,0.03238415299547936,0.8,-0.9
PAYX,2024-06-10,0.06631665039062498,1.0,0.19894995117187494,0.8,-0.9
PAYX,2024-06-17,0.10955338772432305,0.5,0.054776693862161524,0.8,-0.9
PAYX,2024-06-25,0.06487502712673614,4.0,0.12975005425347227,0.8,-0.7
PAYX,2024-07-02,0.02902435878955893,8.0,0.05804871757911786,0.2,-0.3
PAYX,2024-07-10,0.0561711642500283,8.0,0.0374474428333522,0.2,-0.3
PAYX,2024-07-17,0.09631953612276554,0.5,0.04815976806138277,0.8,-0.9
PAYX,2024-07-24,0.0800141281807736,0.5,0.0400070640903868,0.8,-0.9
PAYX,2024-07-31,0.10902832234615784,0.5,0.05451416117307892,0.8,-0.9
PAYX,2024-08-07,0.09435782762443494,0.5,0.06290521841628996,0.8,-0.9
PAYX,2024-08-14,0.07495811764101667,1.0,0.024986039213672224,0.8,-0.9
PAYX,2024-08-21,0.062741698879807,0.5,0.0313708494399035,0.8,-0.9
PAYX,2024-08-28,0.08788311745169083,0.5,0.04394155872584542,0.8,-0.9
PAYX,2024-09-05,0.0970157860922146,2.0,0.0485078930461073,0.8,-0.9
PAYX,2024-09-12,0.20372475,0.5,0.20372475,0.8,-0.9
PAYX,2024-09-19,0.1745085452586207,0.5,0.08725427262931035,0.8,-0.9
PAYX,2024-09-26,0.14734742333040612,0.5,0.07367371166520306,0.8,-0.9
PAYX,2024-10-03,0.09557217963836474,0.5,0.04778608981918237,0.8,-0.9
PAYX,2024-10-10,0.10562420280612243,0.5,0.10562420280612243,0.8,-0.9
PAYX,2024-10-17,0.14782033590076848,0.5,0.07391016795038424,0.8,-0.9
PAYX,2024-10-24,0.16708505243393793,0.5,0.08354252621696896,0.8,-0.9
PAYX,2024-10-31,0.19318070451183436,0.5,0.2575742726824458,0.8,-0.9
PAYX,2024-11-07,0.20474159266282335,4.0,0.10237079633141168,0.8,-0.9
PAYX,2024-11-14,0.1578339409126848,0.5,0.0789169704563424,0.8,-0.9
PAYX,2024-11-21,0.1424995181575165,0.5,0.07124975907875825,0.8,-0.9
PAYX,2024-11-29,0.18646109331792854,0.5,0.3729221866358571,0.8,-0.9
PAYX,2024-12-06,0.06184091397761663,2.0,0.015460228494404158,0.8,-0.9
PAYX,2024-12-13,0.1468268574030809,0.5,0.07341342870154045,0.8,-0.9
PAYX,2024-12-20,0.09793046277033636,0.5,0.04896523138516818,0.8,-0.9
PAYX,2024-12-30,0.0878432547148343,0.5,0.04392162735741715,0.8,-0.9
PAYX,2025-01-07,0.10932309751157407,0.5,0.07288206500771605,0.8,-0.9
PAYX,2025-01-15,0.05548986486486485,0.5,0.08323479729729728,0.8,-0.9
PAYX,2025-01-23,0.06328228180864656,0.5,0.03164114090432328,0.8,-0.9
PAYX,2025-01-30,0.11459825177999704,0.5,0.05729912588999852,0.8,-0.9
PAYX,2025-02-06,0.09406246562462214,0.5,0.09406246562462214,0.8,-0.9
PAYX,2025-02-13,0.09865575385527296,0.5,0.09865575385527296,0.8,-0.9
PAYX,2025-02-21,0.17513374409681226,0.5,0.08756687204840613,0.8,-0.9
PAYX,2025-02-28,0.17382799846128938,0.5,0.11588533230752625,0.8,-0.9
PAYX,2025-03-07,0.628806020968058,0.5,0.628806020968058,0.8,-0.9
PAYX,2025-03-14,0.2705713522898352,4.0,0.0901904507632784,0.8,-0.9
PAYX,2025-03-21,0.10018374929302348,0.5,0.05009187464651174,0.8,-0.9
PAYX,2025-03-28,0.17415020793473635,0.5,0.11610013862315757,0.8,-0.9
PAYX,2025-04-04,0.1772011455845636,0.5,0.0886005727922818,0.8,-0.9
PAYX,2025-04-11,0.1613982527534824,0.5,0.0806991263767412,0.8,-0.9
PAYX,2025-04-21,0.10138888888888889,0.5,0.050694444444444445,0.8,-0.7
PAYX,2025-04-28,0.10781370563271601,0.5,0.05390685281635801,0.8,-0.9
PAYX,2025-05-05,0.1317106507442138,0.5,0.0658553253721069,0.8,-0.9
PAYX,2025-05-12,0.2078209108052536,0.5,0.13854727387016907,0.8,-0.9
PAYX,2025-05-19,0.1863393570467596,0.5,0.12422623803117307,0.8,-0.9
PAYX,2025-05-27,0.36706144458312306,0.5,0.24470762972208204,0.8,-0.9
PAYX,2025-06-03,0.23083762437049718,0.5,0.6925128731114916,0.8,-0.9
PAYX,2025-06-10,0.13323542789841036,0.5,0.13323542789841036,0.8,-0.9
PAYX,2025-06-17,0.11740383964835342,0.5,0.05870191982417671,0.8,-0.9
PAYX,2025-06-25,0.05218897045662877,8.0,0.07828345568494316,0.2,-0.3
PAYX,2025-07-02,0.05084412262415369,0.5,0.05084412262415369,0.8,-0.7
PAYX,2025-07-10,0.05990204153725622,0.5,0.02995102076862811,0.8,-0.9
PAYX,2025-07-17,0.039668439095318454,1.0,0.059502658642977685,0.8,-0.3
PAYX,2025-07-24,0.06012086159814907,0.5,0.030060430799074535,0.8,-0.9
PAYX,2025-07-31,0.04601916663570154,8.0,0.030679444423801026,0.2,-0.3
PAYX,2025-08-07,0.03245744345625397,8.0,0.06491488691250794,0.8,-0.9
PAYX,2025-08-14,0.06833821275550817,0.5,0.03416910637775408,0.8,-0.9
PAYX,2025-08-21,0.05467458677685949,2.0,0.08201188016528924,0.8,-0.9
PAYX,2025-08-28,0.07649367474470355,0.5,0.03824683737235177,0.8,-0.9
PEP,2024-01-02,0.03786287723852974,0.5,0.07572575447705948,0.8,-0.9
PEP,2024-01-09,0.06316184814231249,0.5,0.06316184814231249,0.8,-0.3
PEP,2024-01-17,0.04380100169037181,0.5,0.04380100169037181,0.8,-0.9
PEP,2024-01-24,0.028785726219648016,0.5,0.02158929466473601,0.2,-0.3
PEP,2024-01-31,0.09625330952915813,2.0,0.024063327382289532,0.8,-0.9
PEP,2024-02-07,0.05468992848115806,2.0,0.03645995232077204,0.8,-0.9
PEP,2024-02-14,0.026184040023494677,8.0,0.008728013341164893,0.2,-0.3
PEP,2024-02-22,0.035082863769240955,0.5,0.035082863769240955,0.8,-0.3
PEP,2024-02-29,0.02870057671839806,4.0,0.01435028835919903,0.2,-0.3
PEP,2024-03-07,0.022044905875938235,0.5,0.022044905875938235,0.8,-0.3
PEP,2024-03-14,0.0034269444444444447,0.5,0.0025702083333333336,0.2,-0.9
PEP,2024-03-21,0.032929300060123116,8.0,0.016464650030061558,0.8,-0.9
PEP,2024-03-28,0.037526670497695605,0.5,0.025017780331797072,0.8,-0.9
PEP,2024-04-05,0.06278689689639368,0.5,0.04185793126426245,0.8,-0.9
PEP,2024-04-12,0.053497302571166236,0.5,0.10699460514233247,0.8,-0.9
PEP,2024-04-19,0.09015747682368867,0.5,0.09015747682368867,0.8,-0.9
PEP,2024-04-26,0.04627842584208645,0.5,0.011569606460521612,0.8,-0.9
PEP,2024-05-03,0.05112994709619825,2.0,0.017043315698732752,0.8,-0.9
PEP,2024-05-10,0.08366912656321927,8.0,0.027889708854406423,0.8,-0.9
PEP,2024-05-17,0.07421421078998305,0.5,0.11132131618497458,0.8,-0.9
PEP,2024-05-24,0.003775061779813966,2.0,0.0028312963348604745,0.2,-0.3
PEP,2024-06-03,0.11067806004723837,8.0,0.11067806004723837,0.2,-0.3
PEP,2024-06-10,0.0930655926659237,8.0,0.04653279633296185,0.2,-0.3
PEP,2024-06-17,0.03642823461765995,8.0,0.03642823461765995,0.2,-0.3
PEP,2024-06-25,0.033026086821836706,0.5,0.033026086821836706,0.8,-0.3
PEP,2024-07-02,0.02492755492439498,8.0,0.04985510984878996,0.2,-0.3
PEP,2024-07-10,0.06878626024123803,0.5,0.06878626024123803,0.8,-0.9
PEP,2024-07-17,0.11144053716451197,0.5,0.07429369144300797,0.8,-0.9
PEP,2024-07-24,0.04572437672400496,0.5,0.04572437672400496,0.8,-0.9
PEP,2024-07-31,0.0363644318469104,0.5,0.0363644318469104,0.8,-0.9
PEP,2024-08-07,0.04412614677640604,0.5,0.02206307338820302,0.8,-0.9
PEP,2024-08-14,0.08060149994057175,8.0,0.02686716664685725,0.8,-0.9
PEP,2024-08-21,0.07557808152672837,0.5,0.07557808152672837,0.8,-0.9
PEP,2024-08-28,0.044531137339444554,0.5,0.022265568669722277,0.8,-0.9
PEP,2024-09-05,0.050804766541766966,0.5,0.038103574906325224,0.8,-0.9
PEP,2024-09-12,0.05783918742355166,0.5,0.08675878113532749,0.8,-0.9
PEP,2024-09-19,0.11417549804141115,0.5,0.03805849934713705,0.8,-0.9
PEP,2024-09-26,0.05362093416420469,4.0,0.01787364472140156,0.8,-0.9
PEP,2024-10-03,0.056604675939530655,0.5,0.028302337969765327,0.8,-0.9
PEP,2024-10-10,0.1534140690462867,0.5,0.1534140690462867,0.8,-0.9
PEP,2024-10-17,0.0272267831920904,0.5,0.0204200873940678,0.8,-0.9
PEP,2024-10-24,0.0309307929151783,2.0,0.0618615858303566,0.8,-0.9
PEP,2024-10-31,0.04593735375181668,4.0,0.04593735375181668,0.8,-0.9
PEP,2024-11-07,0.032840668468661564,8.0,0.008210167117165391,0.2,-0.3
PEP,2024-11-14,0.05003814366639558,0.5,0.05003814366639558,0.8,-0.9
PEP,2024-11-21,0.03652248020573062,8.0,0.03652248020573062,0.2,-0.3
PEP,2024-11-29,0.0756395484230735,0.5,0.0756395484230735,0.8,-0.9
PEP,2024-12-06,0.04170583749746346,8.0,0.02780389166497564,0.2,-0.3
PEP,2024-12-13,0.028738877997869287,8.0,0.014369438998934643,0.8,-0.9
PEP,2024-12-20,0.020293305106376586,8.0,0.020293305106376586,0.8,-0.9
PEP,2024-12-30,0.07424639361452187,0.5,0.049497595743014586,0.8,-0.9
PEP,2025-01-07,0.04076679802326032,8.0,0.061150197034890476,0.2,-0.3
PEP,2025-01-15,0.058610266645593476,0.5,0.029305133322796738,0.8,-0.9
PEP,2025-01-23,0.05781631835775554,8.0,0.02890815917887777,0.8,-0.9
PEP,2025-01-30,0.1056767535402172,0.5,0.1056767535402172,0.8,-0.9
PEP,2025-02-06,0.04355449621105567,8.0,0.029036330807370447,0.8,-0.3
PEP,2025-02-13,0.03548169891007584,8.0,0.07096339782015168,0.2,-0.3
PEP,2025-02-21,0.11047372087769414,0.5,0.05523686043884707,0.8,-0.9
PEP,2025-02-28,0.1910817120124617,0.5,0.09554085600623086,0.8,-0.9
PEP,2025-03-07,0.11666375763854474,0.5,0.07777583842569649,0.8,-0.9
PEP,2025-03-14,0.06094547223045456,2.0,0.12189094446090912,0.8,-0.9
PEP,2025-03-21,0.042115228993445816,8.0,0.042115228993445816,0.8,-0.5
PEP,2025-03-28,0.07168378433243619,1.0,0.14336756866487238,0.8,-0.9
PEP,2025-04-04,0.10476239866978707,4.0,0.06984159911319138,0.8,-0.9
PEP,2025-04-11,0.09622964915004906,8.0,0.03207654971668302,0.8,-0.9
PEP,2025-04-21,0.11385873805556815,8.0,0.03795291268518938,0.8,-0.9
PEP,2025-04-28,0.0754576843051976,8.0,0.05030512287013173,0.2,-0.3
PEP,2025-05-05,0.044154857510546465,8.0,0.1324645725316394,0.2,-0.3
PEP,2025-05-12,0.09368914207175923,8.0,0.14053371310763885,0.2,-0.3
PEP,2025-05-19,0.058807520456503,8.0,0.058807520456503,0.2,-0.3
PEP,2025-05-27,0.041657513399353904,8.0,0.041657513399353904,0.2,-0.3
PEP,2025-06-03,0.04846042137957174,8.0,0.036345316034678804,0.2,-0.3
PEP,2025-06-10,0.05471040494997538,8.0,0.03647360329998359,0.2,-0.3
PEP,2025-06-17,0.07636367759756096,8.0,0.11454551639634145,0.2,-0.3
PEP,2025-06-25,0.11588559781924995,8.0,0.0772570652128333,0.2,-0.3
PEP,2025-07-02,0.12056209049953201,0.5,0.040187363499844,0.8,-0.9
PEP,2025-07-10,0.13965394358661243,2.0,0.06982697179330621,0.8,-0.9
PEP,2025-07-17,0.05190216503267975,0.5,0.017300721677559916,0.8,-0.9
PEP,2025-07-24,0.062064082913136365,0.5,0.062064082913136365,0.8,-0.9
PEP,2025-07-31,0.03208909835866441,8.0,0.09626729507599321,0.2,-0.3
PEP,2025-08-07,0.1264873465031958,8.0,0.0421624488343986,0.8,-0.9
PEP,2025-08-14,0.10185982839165442,0.5,0.05092991419582721,0.8,-0.9
PEP,2025-08-21,0.10838793474595171,0.5,0.08129095105946378,0.8,-0.9
PEP,2025-08-28,0.07226038549700352,0.5,0.048173590331335676,0.8,-0.9
PFG,2024-01-02,0.14319689542483655,0.5,0.07159844771241827,0.8,-0.9
PFG,2024-01-09,0.09733333333333337,0.5,0.14600000000000005,0.8,-0.9
PFG,2024-01-17,0.07599419007977803,4.0,0.03799709503988902,0.2,-0.3
PFG,2024-01-24,0.10790667026252089,0.5,0.053953335131260445,0.8,-0.9
PFG,2024-01-31,0.13520419560185185,0.5,0.06760209780092592,0.8,-0.9
PFG,2024-02-07,0.11862568878321261,0.5,0.059312844391606306,0.8,-0.9
PFG,2024-02-14,0.07028958143643776,0.5,0.03514479071821888,0.8,-0.9
PFG,2024-02-22,0.0712726072831587,0.5,0.0712726072831587,0.8,-0.3
PFG,2024-02-29,0.06862129211425781,4.0,0.02287376403808594,0.8,-0.9
PFG,2024-03-07,0.07879251596580358,0.5,0.03939625798290179,0.8,-0.9
PFG,2024-03-14,0.1283203125,0.5,0.06416015625,0.8,-0.9
PFG,2024-03-21,0.09809159903690733,0.5,0.04904579951845366,0.8,-0.9
PFG,2024-03-28,0.18182761452414772,0.5,0.09091380726207386,0.8,-0.9
PFG,2024-04-05,0.18055785042898992,1.0,0.060185950142996644,0.8,-0.9
PFG,2024-04-12,0.09390648775514822,0.5,0.18781297551029644,0.8,-0.9
PFG,2024-04-19,0.07256407056535995,4.0,0.10884610584803991,0.8,-0.9
PFG,2024-04-26,0.04551308041527157,8.0,0.06826962062290735,0.2,-0.3
PFG,2024-05-03,0.04901520865304129,0.5,0.07352281297956194,0.8,-0.9
PFG,2024-05-10,0.07935192401592549,0.5,0.07935192401592549,0.8,-0.9
PFG,2024-05-17,0.10347257341657363,0.5,0.05173628670828682,0.8,-0.9
PFG,2024-05-24,0.04415983472551617,0.5,0.06623975208827426,0.8,-0.9
PFG,2024-06-03,0.1074166020818881,0.5,0.05370830104094405,0.8,-0.9
PFG,2024-06-10,0.10756347222222219,0.5,0.053781736111111096,0.8,-0.9
PFG,2024-06-17,0.06704340277777776,0.5,0.10056510416666664,0.8,-0.9
PFG,2024-06-25,0.14211342592592593,0.5,0.07105671296296297,0.8,-0.9
PFG,2024-07-02,0.029567269717945762,8.0,0.04435090457691864,0.2,-0.3
PFG,2024-07-10,0.07636816605277683,0.5,0.02545605535092561,0.8,-0.9
PFG,2024-07-17,0.22353762308756514,0.5,0.11176881154378257,0.8,-0.9
PFG,2024-07-24,0.12258861375891647,0.5,0.061294306879458235,0.8,-0.9
PFG,2024-07-31,0.06065139770507812,0.5,0.09097709655761718,0.8,-0.9
PFG,2024-08-07,0.10063415143474838,8.0,0.06708943428983226,0.2,-0.3
PFG,2024-08-14,0.13150242985905827,8.0,0.09862682239429371,0.2,-0.3
PFG,2024-08-21,0.07699218749999999,8.0,0.038496093749999995,0.2,-0.3
PFG,2024-08-28,0.08265398550724637,8.0,0.16530797101449274,0.2,-0.3
PFG,2024-09-05,0.12200619209648231,8.0,0.040668730698827434,0.2,-0.3
PFG,2024-09-12,0.10269751199276501,8.0,0.05134875599638251,0.2,-0.3
PFG,2024-09-19,0.05439437977270015,4.0,0.018131459924233383,0.8,-0.9
PFG,2024-09-26,0.10698774939477416,0.5,0.05349387469738708,0.8,-0.9
PFG,2024-10-03,0.07770324932790688,0.5,0.025901083109302295,0.8,-0.3
PFG,2024-10-10,0.11142083546319595,2.0,0.037140278487731986,0.8,-0.9
PFG,2024-10-17,0.1272142032459535,0.5,0.06360710162297675,0.8,-0.9
PFG,2024-10-24,0.11636967329545456,0.5,0.05818483664772728,0.8,-0.9
PFG,2024-10-31,0.08625976562499998,8.0,0.17251953124999997,0.8,-0.7
PFG,2024-11-07,0.06424586534514107,1.0,0.021415288448380355,0.8,-0.9
PFG,2024-11-14,0.05224760841836735,4.0,0.07837141262755103,0.2,-0.3
PFG,2024-11-21,0.04409697623344469,8.0,0.06614546435016704,0.2,-0.3
PFG,2024-11-29,0.038922581086005825,8.0,0.0518967747813411,0.2,-0.3
PFG,2024-12-06,0.05694808530029659,8.0,0.018982695100098864,0.2,-0.3
PFG,2024-12-13,0.31275565373208103,8.0,0.07818891343302026,0.2,-0.3
PFG,2024-12-20,0.16566500793240846,8.0,0.16566500793240846,0.2,-0.3
PFG,2024-12-30,0.26068897802378443,8.0,0.39103346703567665,0.2,-0.3
PFG,2025-01-07,0.3855594135802468,8.0,0.1927797067901234,0.2,-0.3
PFG,2025-01-15,0.05606938954946157,4.0,0.08410408432419236,0.8,-0.5
PFG,2025-01-23,0.07153680735620958,0.5,0.10730521103431437,0.8,-0.9
PFG,2025-01-30,0.1137789639559659,0.5,0.17066844593394886,0.8,-0.9
PFG,2025-02-06,0.09542210019867997,4.0,0.031807366732893326,0.8,-0.3
PFG,2025-02-13,0.20983002662658695,0.5,0.13988668441772464,0.8,-0.9
PFG,2025-02-21,0.15510144914899548,0.5,0.051700483049665166,0.8,-0.9
PFG,2025-02-28,0.16609612767283216,0.5,0.3321922553456643,0.8,-0.9
PFG,2025-03-07,0.14146911550695643,8.0,0.04715637183565214,0.8,-0.5
PFG,2025-03-14,0.1418506994480039,0.5,0.07092534972400195,0.8,-0.9
PFG,2025-03-21,0.0684221513360246,8.0,0.0684221513360246,0.2,-0.3
PFG,2025-03-28,0.061579936202422136,8.0,0.0923699043036332,0.2,-0.3
PFG,2025-04-04,0.5575169233842329,8.0,0.13937923084605822,0.2,-0.3
PFG,2025-04-11,0.37987157738095245,8.0,0.12662385912698415,0.2,-0.3
PFG,2025-04-21,0.5488293444328824,8.0,0.2744146722164412,0.2,-0.3
PFG,2025-04-28,0.2924011866251628,8.0,0.2924011866251628,0.2,-0.3
PFG,2025-05-05,0.20418645685369316,8.0,0.05104661421342329,0.2,-0.3
PFG,2025-05-12,0.1511490607193732,0.5,0.22672359107905982,0.8,-0.9
PFG,2025-05-19,0.1794127875434028,0.5,0.0897063937717014,0.8,-0.9
PFG,2025-05-27,0.1266331380208333,0.5,0.06331656901041666,0.8,-0.9
PFG,2025-06-03,0.09305412581699345,0.5,0.13958118872549016,0.8,-0.9
PFG,2025-06-10,0.09372361648914423,8.0,0.09372361648914423,0.2,-0.3
PFG,2025-06-17,0.14229426230153733,8.0,0.106720696726153,0.2,-0.3
PFG,2025-06-25,0.15714588994565218,8.0,0.15714588994565218,0.2,-0.3
PFG,2025-07-02,0.08675057411193846,0.5,0.02891685803731282,0.8,-0.5
PFG,2025-07-10,0.09138974276455963,0.5,0.13708461414683945,0.8,-0.9
PFG,2025-07-17,0.10787271960028284,0.5,0.16180907940042427,0.8,-0.9
PFG,2025-07-24,0.09824777082963422,8.0,0.04912388541481711,0.8,-0.9
PFG,2025-07-31,0.10150337219238281,8.0,0.03383445739746094,0.2,-0.3
PFG,2025-08-07,0.08782905688316991,8.0,0.02927635229438997,0.8,-0.3
PFG,2025-08-14,0.06759849969107701,0.5,0.06759849969107701,0.8,-0.3
PFG,2025-08-21,0.09636314655172408,0.5,0.04818157327586204,0.8,-0.9
PFG,2025-08-28,0.06717146093195135,8.0,0.06717146093195135,0.2,-0.3
PG,2024-01-02,0.058802440217058716,0.5,0.03920162681137248,0.8,-0.9
PG,2024-01-09,0.08738431911511405,8.0,0.02184607977877851,0.8,-0.9
PG,2024-01-17,0.06686729303718739,0.5,0.06686729303718739,0.8,-0.9
PG,2024-01-24,0.07045508699673149,8.0,0.017613771749182872,0.8,-0.9
PG,2024-01-31,0.1339764169097628,0.5,0.1339764169097628,0.8,-0.9
PG,2024-02-07,0.08313085687028703,0.5,0.04156542843514351,0.8,-0.9
PG,2024-02-14,0.07428700287102583,0.5,0.07428700287102583,0.8,-0.9
PG,2024-02-22,0.09985910002535349,0.5,0.049929550012676745,0.8,-0.9
PG,2024-02-29,0.07489736556596062,1.0,0.049931577043973746,0.8,-0.9
PG,2024-03-07,0.11559204419225849,0.5,0.028898011048064623,0.8,-0.9
PG,2024-03-14,0.10601834775795926,0.5,0.10601834775795926,0.8,-0.9
PG,2024-03-21,0.16575196090755934,0.5,0.16575196090755934,0.8,-0.9
PG,2024-03-28,0.05915914012584147,0.5,0.05915914012584147,0.8,-0.9
PG,2024-04-05,0.030812962232607485,0.5,0.046219443348911225,0.8,-0.9
PG,2024-04-12,0.04653327048144349,0.5,0.04653327048144349,0.8,-0.9
PG,2024-04-19,0.03490232256334524,0.5,0.01745116128167262,0.8,-0.9
PG,2024-04-26,0.07721753172848222,0.5,0.05147835448565481,0.8,-0.9
PG,2024-05-03,0.029002082347869877,8.0,0.019334721565246585,0.8,-0.9
PG,2024-05-10,0.04155558798653739,0.5,0.04155558798653739,0.8,-0.9
PG,2024-05-17,0.05066000162559333,0.5,0.05066000162559333,0.8,-0.9
PG,2024-05-24,0.04057969576719576,0.5,0.04057969576719576,0.8,-0.9
PG,2024-06-03,0.052189706627402556,0.5,0.052189706627402556,0.8,-0.3
PG,2024-06-10,0.029004076770174577,0.5,0.08701223031052373,0.8,-0.9
PG,2024-06-17,0.02125531908586239,2.0,0.010627659542931194,0.8,-0.9
PG,2024-06-25,0.017678679592570037,8.0,0.026518019388855056,0.8,-0.9
PG,2024-07-02,0.031079644210881392,8.0,0.031079644210881392,0.2,-0.3
PG,2024-07-10,0.08692118273283306,0.5,0.05794745515522204,0.8,-0.9
PG,2024-07-17,0.04516938884056979,0.5,0.09033877768113958,0.8,-0.9
PG,2024-07-24,0.07966160548703075,4.0,0.026553868495676914,0.8,-0.9
PG,2024-07-31,0.020501244117877227,0.5,0.061503732353631685,0.8,-0.7
PG,2024-08-07,0.03860992422266123,0.5,0.03860992422266123,0.8,-0.9
PG,2024-08-14,0.052914535251504934,0.5,0.013228633812876233,0.8,-0.9
PG,2024-08-21,0.008449074074074074,8.0,0.006336805555555556,0.2,-0.3
PG,2024-08-28,0.02961796660354941,0.5,0.02961796660354941,0.8,-0.9
PG,2024-09-05,0.06743003485644644,0.5,0.0449533565709643,0.8,-0.9
PG,2024-09-12,0.19173906249999992,0.5,0.09586953124999996,0.8,-0.9
PG,2024-09-19,0.07642070573906021,1.0,0.11463105860859031,0.8,-0.9
PG,2024-09-26,0.06868374118050612,0.5,0.20605122354151834,0.8,-0.9
PG,2024-10-03,0.05247302760560148,0.5,0.01749100920186716,0.8,-0.9
PG,2024-10-10,0.11696459261917777,0.5,0.07797639507945185,0.8,-0.9
PG,2024-10-17,0.13735327667076278,4.0,0.04578442555692092,0.8,-0.9
PG,2024-10-24,0.08950939854190625,0.5,0.04475469927095312,0.8,-0.9
PG,2024-10-31,0.042492574052030226,4.0,0.028328382701353485,0.8,-0.5
PG,2024-11-07,0.015137953948974615,0.5,0.0037844884872436538,0.8,-0.7
PG,2024-11-14,0.0420757334534551,0.5,0.03155680009009132,0.8,-0.9
PG,2024-11-21,0.04171868312111866,0.5,0.02781245541407911,0.8,-0.9
PG,2024-11-29,0.04541838028202633,0.5,0.04541838028202633,0.8,-0.9
PG,2024-12-06,0.11913058343532937,0.5,0.07942038895688625,0.8,-0.9
PG,2024-12-13,0.04033604404999389,0.5,0.020168022024996946,0.8,-0.9
PG,2024-12-20,0.029885857606419486,0.5,0.019923905070946324,0.8,-0.9
PG,2024-12-30,0.04103330099400871,0.5,0.12309990298202614,0.8,-0.9
PG,2025-01-07,0.045590925723117605,8.0,0.045590925723117605,0.2,-0.3
PG,2025-01-15,0.06233465524481398,8.0,0.02077821841493799,0.8,-0.9
PG,2025-01-23,0.060655808900741744,0.5,0.060655808900741744,0.8,-0.9
PG,2025-01-30,0.020757413668629193,8.0,0.062272241005887574,0.8,-0.9
PG,2025-02-06,0.04177530250077119,0.5,0.027850201667180795,0.8,-0.9
PG,2025-02-13,0.052217398362314045,2.0,0.15665219508694214,0.8,-0.9
PG,2025-02-21,0.03250853072117277,0.5,0.008127132680293192,0.8,-0.9
PG,2025-02-28,0.04676452183891794,0.5,0.04676452183891794,0.8,-0.9
PG,2025-03-07,0.18410866374749138,0.5,0.18410866374749138,0.8,-0.9
PG,2025-03-14,0.0578951714661329,8.0,0.019298390488710966,0.8,-0.9
PG,2025-03-21,0.04490390045993793,0.5,0.04490390045993793,0.8,-0.9
PG,2025-03-28,0.06482745562474493,0.5,0.043218303749829955,0.8,-0.9
PG,2025-04-04,0.1115092999433709,0.5,0.0743395332955806,0.8,-0.9
PG,2025-04-11,0.19771754946027484,0.5,0.19771754946027484,0.8,-0.9
PG,2025-04-21,0.09706022171101829,0.5,0.07279516628326371,0.8,-0.9
PG,2025-04-28,0.039231888677044496,8.0,0.026154592451362996,0.2,-0.3
PG,2025-05-05,0.02984249267578125,0.5,0.022381869506835936,0.2,-0.3
PG,2025-05-12,0.07027090255253357,0.5,0.07027090255253357,0.8,-0.9
PG,2025-05-19,0.04447917685159099,0.5,0.04447917685159099,0.8,-0.3
PG,2025-05-27,0.03521801549145299,1.0,0.07043603098290598,0.8,-0.9
PG,2025-06-03,0.03070057012815907,0.5,0.020467046752106047,0.8,-0.9
PG,2025-06-10,0.048303487643578134,0.5,0.048303487643578134,0.8,-0.3
PG,2025-06-17,0.02450610994055635,8.0,0.016337406627037566,0.2,-0.3
PG,2025-06-25,0.042906921497322344,0.5,0.02860461433154823,0.8,-0.9
PG,2025-07-02,0.06289963437474043,8.0,0.041933089583160284,0.8,-0.9
PG,2025-07-10,0.07461172112250207,8.0,0.018652930280625517,0.8,-0.9
PG,2025-07-17,0.08893108371405534,4.0,0.029643694571351777,0.8,-0.9
PG,2025-07-24,0.08243667564692272,0.5,0.08243667564692272,0.8,-0.9
PG,2025-07-31,0.05014811693383375,8.0,0.05014811693383375,0.2,-0.3
PG,2025-08-07,0.06522496964136533,0.5,0.06522496964136533,0.8,-0.9
PG,2025-08-14,0.08883713942307694,0.5,0.1776742788461539,0.8,-0.9
PG,2025-08-21,0.07355477063617893,0.5,0.1103321559542684,0.8,-0.9
PG,2025-08-28,0.042648002469094344,0.5,0.028432001646062896,0.8,-0.9
PM,2024-01-02,0.0398365851116002,0.5,0.00995914627790005,0.8,-0.9
PM,2024-01-09,0.050160951627245313,0.5,0.025080475813622657,0.8,-0.9
PM,2024-01-17,0.021938697613602492,8.0,0.06581609284080747,0.8,-0.9
PM,2024-01-24,0.03377810564918687,8.0,0.06755621129837373,0.2,-0.3
PM,2024-01-31,0.04228181274378863,8.0,0.02818787516252575,0.2,-0.3
PM,2024-02-07,0.059391386373761346,8.0,0.029695693186880673,0.2,-0.3
PM,2024-02-14,0.026523953630369357,8.0,0.07957186089110807,0.2,-0.3
PM,2024-02-22,0.03530485942258571,0.5,0.03530485942258571,0.8,-0.7
PM,2024-02-29,0.026718200391008612,8.0,0.053436400782017224,0.2,-0.3
PM,2024-03-07,0.04782320303830282,8.0,0.02391160151915141,0.8,-0.9
PM,2024-03-14,0.0466879675974036,0.5,0.0466879675974036,0.8,-0.9
PM,2024-03-21,0.01931126388801259,8.0,0.05793379166403777,0.8,-0.7
PM,2024-03-28,0.022493297985317493,8.0,0.06747989395595248,0.2,-0.3
PM,2024-04-05,0.05155486234396163,8.0,0.025777431171980815,0.2,-0.3
PM,2024-04-12,0.05352306376809216,8.0,0.08028459565213825,0.2,-0.3
PM,2024-04-19,0.05851102661941432,0.5,0.019503675539804772,0.8,-0.9
PM,2024-04-26,0.04991537627980561,0.5,0.03327691751987041,0.8,-0.9
PM,2024-05-03,0.048249733289826596,0.5,0.0723745999347399,0.8,-0.9
PM,2024-05-10,0.08240984484454908,0.5,0.05493989656303272,0.8,-0.9
PM,2024-05-17,0.04899569516215377,0.5,0.07349354274323065,0.8,-0.9
PM,2024-05-24,0.049288135799736184,0.5,0.024644067899868092,0.8,-0.9
PM,2024-06-03,0.048523244407357696,0.5,0.09704648881471539,0.8,-0.9
PM,2024-06-10,0.0582341833890747,0.5,0.04367563754180602,0.8,-0.9
PM,2024-06-17,0.06078390625000002,8.0,0.03039195312500001,0.8,-0.9
PM,2024-06-25,0.032678213734322024,8.0,0.06535642746864405,0.8,-0.9
PM,2024-07-02,0.03543288218098778,2.0,0.10629864654296334,0.8,-0.9
PM,2024-07-10,0.035241197059129585,8.0,0.07048239411825917,0.8,-0.9
PM,2024-07-17,0.08767145113250029,0.5,0.08767145113250029,0.8,-0.9
PM,2024-07-24,0.08092445300609669,0.5,0.060693339754572515,0.8,-0.9
PM,2024-07-31,0.1563907708033653,1.0,0.1042605138689102,0.8,-0.9
PM,2024-08-07,0.12002414689236601,0.5,0.080016097928244,0.8,-0.9
PM,2024-08-14,0.11285683238306005,0.5,0.07523788825537336,0.8,-0.9
PM,2024-08-21,0.09460990794772745,0.5,0.09460990794772745,0.8,-0.9
PM,2024-08-28,0.048691919460582364,0.5,0.048691919460582364,0.8,-0.9
PM,2024-09-05,0.11842374697222591,0.5,0.0394745823240753,0.8,-0.9
PM,2024-09-12,0.05876647315148315,8.0,0.019588824383827717,0.8,-0.9
PM,2024-09-19,0.01826021818403896,0.5,0.01369516363802922,0.2,-0.3
PM,2024-09-26,0.04212398066505302,4.0,0.12637194199515905,0.8,-0.9
PM,2024-10-03,0.0689329469251723,1.0,0.017233236731293074,0.8,-0.3
PM,2024-10-10,0.07457758029621614,4.0,0.018644395074054035,0.8,-0.9
PM,2024-10-17,0.08326988788856686,4.0,0.04163494394428343,0.8,-0.9
PM,2024-10-24,0.04935161071100354,0.5,0.032901073807335694,0.8,-0.9
PM,2024-10-31,0.06977511808008462,2.0,0.20932535424025384,0.8,-0.9
PM,2024-11-07,0.029515517492711373,8.0,0.08854655247813412,0.2,-0.3
PM,2024-11-14,0.05881347656249999,4.0,0.11762695312499998,0.8,-0.9
PM,2024-11-21,0.06181843832236568,0.5,0.03090921916118284,0.8,-0.9
PM,2024-11-29,0.07229797487355592,0.5,0.10844696231033388,0.8,-0.9
PM,2024-12-06,0.059771125858638724,0.5,0.11954225171727745,0.8,-0.9
PM,2024-12-13,0.05399537815978663,8.0,0.05399537815978663,0.8,-0.9
PM,2024-12-20,0.04496137177016604,0.5,0.08992274354033208,0.8,-0.3
PM,2024-12-30,0.032399016460624264,8.0,0.048598524690936395,0.2,-0.3
PM,2025-01-07,0.048037677652401654,4.0,0.14411303295720496,0.8,-0.7
PM,2025-01-15,0.03132839148177164,8.0,0.09398517444531493,0.2,-0.3
PM,2025-01-23,0.09994513226403795,0.5,0.03331504408801265,0.8,-0.9
PM,2025-01-30,0.1084720080069116,0.5,0.1084720080069116,0.8,-0.9
PM,2025-02-06,0.26370911378839723,0.5,0.5274182275767945,0.8,-0.9
PM,2025-02-13,0.21579373642116717,0.5,0.21579373642116717,0.8,-0.9
PM,2025-02-21,0.41546890415400695,0.5,0.41546890415400695,0.8,-0.9
PM,2025-02-28,0.16301888773873513,0.5,0.32603777547747026,0.8,-0.9
PM,2025-03-07,0.2053886989247778,0.5,0.13692579928318518,0.8,-0.9
PM,2025-03-14,0.10134898108350111,0.5,0.05067449054175056,0.8,-0.9
PM,2025-03-21,0.08220504604691362,0.5,0.08220504604691362,0.8,-0.9
PM,2025-03-28,0.24199913022559555,0.5,0.16133275348373036,0.8,-0.9
PM,2025-04-04,0.18811109349234523,2.0,0.09405554674617261,0.8,-0.9
PM,2025-04-11,0.2310703617785735,0.5,0.15404690785238234,0.8,-0.9
PM,2025-04-21,0.2648247436331453,8.0,0.13241237181657264,0.8,-0.9
PM,2025-04-28,0.20511645818521457,0.5,0.1367443054568097,0.8,-0.9
PM,2025-05-05,0.16276062454999374,0.5,0.10850708303332915,0.8,-0.9
PM,2025-05-12,0.06505087493402273,0.5,0.04336724995601515,0.8,-0.9
PM,2025-05-19,0.06363381018334673,2.0,0.09545071527502008,0.8,-0.9
PM,2025-05-27,0.07979605071424604,0.5,0.11969407607136906,0.8,-0.9
PM,2025-06-03,0.32174661681056993,1.0,0.10724887227018998,0.8,-0.9
PM,2025-06-10,0.1959361734583539,0.5,0.1959361734583539,0.8,-0.9
PM,2025-06-17,0.09874906099759614,0.5,0.09874906099759614,0.8,-0.9
PM,2025-06-25,0.06458512800554929,8.0,0.09687769200832394,0.8,-0.9
PM,2025-07-02,0.09823764890195208,4.0,0.14735647335292812,0.8,-0.9
PM,2025-07-10,0.12204002206158021,2.0,0.24408004412316042,0.8,-0.9
PM,2025-07-17,0.17565785426211228,8.0,0.05855261808737076,0.8,-0.9
PM,2025-07-24,0.15340707254567001,8.0,0.051135690848556674,0.2,-0.3
PM,2025-07-31,0.0675676311884012,8.0,0.1351352623768024,0.2,-0.3
PM,2025-08-07,0.05889479201006097,4.0,0.019631597336686988,0.8,-0.9
PM,2025-08-14,0.05325098762243648,8.0,0.07987648143365472,0.8,-0.5
PM,2025-08-21,0.13813904568901159,0.5,0.20720856853351738,0.8,-0.9
PM,2025-08-28,0.04146769878292872,8.0,0.12440309634878616,0.8,-0.5
REG,2024-01-02,0.20266391157979458,0.5,0.06755463719326486,0.8,-0.9
REG,2024-01-09,0.099690002802561,2.0,0.033230000934187,0.8,-0.3
REG,2024-01-17,0.16760850694444446,0.5,0.055869502314814815,0.8,-0.9
REG,2024-01-24,0.08926630434782608,0.5,0.13389945652173912,0.8,-0.9
REG,2024-01-31,0.08876808449074075,0.5,0.044384042245370375,0.8,-0.9
REG,2024-02-07,0.12386636042940444,0.5,0.04128878680980148,0.8,-0.9
REG,2024-02-14,0.08790416666666669,8.0,0.13185625000000004,0.2,-0.3
REG,2024-02-22,0.09241249778053974,2.0,0.03080416592684658,0.8,-0.9
REG,2024-02-29,0.1936142499999999,8.0,0.1290761666666666,0.2,-0.3
REG,2024-03-07,0.07669788629737607,8.0,0.05113192419825072,0.2,-0.3
REG,2024-03-14,0.13943095052083326,8.0,0.09295396701388885,0.2,-0.3
REG,2024-03-21,0.046254310344827576,8.0,0.06167241379310343,0.2,-0.3
REG,2024-03-28,0.07277970959595959,8.0,0.21833912878787876,0.2,-0.3
REG,2024-04-05,0.12564785669720366,8.0,0.18847178504580547,0.2,-0.3
REG,2024-04-12,0.12297481153377147,8.0,0.1844622173006572,0.2,-0.3
REG,2024-04-19,0.10545370919363836,8.0,0.07030247279575891,0.2,-0.3
REG,2024-04-26,0.14060494559151782,8.0,0.09373663039434521,0.2,-0.3
REG,2024-05-03,0.16049586704799107,8.0,0.1069972446986607,0.2,-0.3
REG,2024-05-10,0.12159484497367004,0.5,0.0810632299824467,0.8,-0.9
REG,2024-05-17,0.14046659802862543,0.5,0.14046659802862543,0.8,-0.9
REG,2024-05-24,0.06072830926804313,8.0,0.06072830926804313,0.2,-0.3
REG,2024-06-03,0.4188880027830287,0.5,0.4188880027830287,0.8,-0.9
REG,2024-06-10,0.21378329234972673,8.0,0.6413498770491802,0.2,-0.3
REG,2024-06-17,0.37029711480676775,8.0,0.37029711480676775,0.2,-0.3
REG,2024-06-25,0.36901580991124266,8.0,0.553523714866864,0.2,-0.3
REG,2024-07-02,0.33547794117647056,8.0,0.5032169117647058,0.2,-0.3
REG,2024-07-10,0.21209144083731374,8.0,0.07069714694577124,0.2,-0.3
REG,2024-07-17,0.11933817184418145,0.5,0.05966908592209073,0.8,-0.9
REG,2024-07-24,0.27511654589371975,0.5,0.13755827294685988,0.8,-0.9
REG,2024-07-31,0.22479255269970413,0.5,0.22479255269970413,0.8,-0.9
REG,2024-08-07,0.29159351624427815,0.5,0.29159351624427815,0.8,-0.9
REG,2024-08-14,0.13397857734277485,0.5,0.08931905156184991,0.8,-0.9
REG,2024-08-21,0.09032130234906463,0.5,0.13548195352359693,0.8,-0.9
REG,2024-08-28,0.22050246578099825,0.5,0.14700164385399883,0.8,-0.9
REG,2024-09-05,1.2885522629310342,0.5,1.2885522629310342,0.8,-0.9
REG,2024-09-12,1.1368285410502954,0.5,1.1368285410502954,0.8,-0.9
REG,2024-09-19,1.0475751724137927,0.5,1.0475751724137927,0.8,-0.9
REG,2024-09-26,0.5264729861484669,0.5,0.5264729861484669,0.8,-0.9
REG,2024-10-03,0.09247009148486982,0.5,0.04623504574243491,0.8,-0.9
REG,2024-10-10,0.10071522672012695,0.5,0.033571742240042314,0.8,-0.3
REG,2024-10-17,0.19404609674329498,8.0,0.2910691451149425,0.2,-0.3
REG,2024-10-24,0.22657392282196967,8.0,0.07552464094065656,0.2,-0.3
REG,2024-10-31,0.22448344907407408,8.0,0.05612086226851852,0.2,-0.3
REG,2024-11-07,0.15818157679738562,8.0,0.052727192265795204,0.2,-0.3
REG,2024-11-14,0.15059814453125,0.5,0.075299072265625,0.8,-0.9
REG,2024-11-21,0.10960609323106726,0.5,0.05480304661553363,0.8,-0.9
REG,2024-11-29,0.09031154927248673,0.5,0.1354673239087301,0.8,-0.9
REG,2024-12-06,0.09223555786761785,0.5,0.046117778933808924,0.8,-0.9
REG,2024-12-13,0.08794781994119055,0.5,0.0586318799607937,0.8,-0.9
REG,2024-12-20,0.10391991618075799,0.5,0.15587987427113698,0.8,-0.9
REG,2024-12-30,0.12804550205498866,0.5,0.192068253082483,0.8,-0.9
REG,2025-01-07,0.08254073162468112,8.0,0.16508146324936224,0.8,-0.9
REG,2025-01-15,0.17100126689189185,8.0,0.11400084459459457,0.2,-0.3
REG,2025-01-23,0.0766083390565419,8.0,0.0766083390565419,0.2,-0.3
REG,2025-01-30,0.10322773382607282,8.0,0.10322773382607282,0.2,-0.3
REG,2025-02-06,0.08530718894788634,0.5,0.1279607834218295,0.8,-0.3
REG,2025-02-13,0.05914399857954544,8.0,0.039429332386363626,0.2,-0.3
REG,2025-02-21,0.08974708076322828,2.0,0.04487354038161414,0.8,-0.9
REG,2025-02-28,0.0861986607142857,1.0,0.0287328869047619,0.8,-0.9
REG,2025-03-07,0.10668684466544154,0.5,0.1600302669981623,0.8,-0.9
REG,2025-03-14,0.1105432900580201,0.5,0.05527164502901005,0.8,-0.9
REG,2025-03-21,0.07430362883692256,4.0,0.11145544325538384,0.2,-0.3
REG,2025-03-28,0.11266581632653061,0.5,0.056332908163265305,0.8,-0.9
REG,2025-04-04,0.19204400510204084,8.0,0.06401466836734694,0.2,-0.3
REG,2025-04-11,0.11772879464285714,8.0,0.17659319196428572,0.2,-0.3
REG,2025-04-21,0.0867733378507653,0.5,0.0289244459502551,0.8,-0.9
REG,2025-04-28,0.14743176241850905,0.5,0.07371588120925453,0.8,-0.9
REG,2025-05-05,0.11689063597854285,2.0,0.2337812719570857,0.8,-0.9
REG,2025-05-12,0.07741358825726392,1.0,0.11612038238589589,0.8,-0.9
REG,2025-05-19,0.1255401299924266,0.5,0.0627700649962133,0.8,-0.9
REG,2025-05-27,0.09820432079081631,0.5,0.14730648118622447,0.8,-0.9
REG,2025-06-03,0.07908336186036911,0.5,0.026361120620123038,0.8,-0.9
REG,2025-06-10,0.08163688815369896,0.5,0.027212296051232987,0.8,-0.9
REG,2025-06-17,0.051534389272341996,0.5,0.051534389272341996,0.8,-0.3
REG,2025-06-25,0.088754016714703,8.0,0.088754016714703,0.2,-0.3
REG,2025-07-02,0.10511499521683673,4.0,0.03503833173894558,0.8,-0.9
REG,2025-07-10,0.10644877191377258,8.0,0.035482923971257525,0.8,-0.3
REG,2025-07-17,0.11438859353008443,8.0,0.028597148382521108,0.8,-0.3
REG,2025-07-24,0.10010888943645636,0.5,0.15016333415468455,0.8,-0.9
REG,2025-07-31,0.07456738945578233,0.5,0.03728369472789116,0.8,-0.9
REG,2025-08-07,0.09553419023859543,0.5,0.04776709511929771,0.8,-0.9
REG,2025-08-14,0.06549682617187498,0.5,0.021832275390624992,0.8,-0.9
REG,2025-08-21,0.07269753570878781,0.5,0.02423251190292927,0.8,-0.9
REG,2025-08-28,0.09782076182745823,0.5,0.048910380913729117,0.8,-0.9
SO,2024-01-02,0.048172494680967896,0.5,0.0321149964539786,0.8,-0.9
SO,2024-01-09,0.09714735754077272,0.5,0.032382452513590905,0.8,-0.9
SO,2024-01-17,0.05920531741556942,8.0,0.02960265870778471,0.8,-0.9
SO,2024-01-24,0.039480355916450056,8.0,0.05922053387467509,0.8,-0.3
SO,2024-01-31,0.05600852841285127,8.0,0.028004264206425634,0.8,-0.5
SO,2024-02-07,0.03494275726899957,0.5,0.02329517151266638,0.8,-0.3
SO,2024-02-14,0.03307806350746671,8.0,0.04961709526120007,0.8,-0.3
SO,2024-02-22,0.030157458488235755,4.0,0.06031491697647151,0.8,-0.5
SO,2024-02-29,0.036384910294596756,8.0,0.036384910294596756,0.8,-0.9
SO,2024-03-07,0.05557841956508769,0.5,0.03705227971005846,0.8,-0.9
SO,2024-03-14,0.0443318392244711,0.5,0.0443318392244711,0.8,-0.9
SO,2024-03-21,0.04898732659350774,0.5,0.04898732659350774,0.8,-0.9
SO,2024-03-28,0.06485173083106639,0.5,0.032425865415533196,0.8,-0.9
SO,2024-04-05,0.05217672540498006,0.5,0.07826508810747008,0.8,-0.9
SO,2024-04-12,0.058037282722595264,0.5,0.03869152181506351,0.8,-0.9
SO,2024-04-19,0.09100865386739107,0.5,0.045504326933695535,0.8,-0.9
SO,2024-04-26,0.0978088847609292,2.0,0.0326029615869764,0.8,-0.9
SO,2024-05-03,0.029399743075185423,0.5,0.022049807306389068,0.8,-0.7
SO,2024-05-10,0.04560854118056601,0.5,0.015202847060188669,0.8,-0.9
SO,2024-05-17,0.08103572009858633,0.5,0.05402381339905755,0.8,-0.9
SO,2024-05-24,0.052967598280098276,0.5,0.017655866093366092,0.8,-0.9
SO,2024-06-03,0.06870485249223414,0.5,0.03435242624611707,0.8,-0.9
SO,2024-06-10,0.044105428265082375,0.5,0.022052714132541187,0.8,-0.9
SO,2024-06-17,0.02815701676279146,1.0,0.05631403352558292,0.8,-0.3
SO,2024-06-25,0.021940719636276224,8.0,0.032911079454414335,0.2,-0.3
SO,2024-07-02,0.050628313475638315,0.5,0.050628313475638315,0.8,-0.9
SO,2024-07-10,0.06711377896146445,4.0,0.02237125965382148,0.8,-0.9
SO,2024-07-17,0.12886455592438656,0.5,0.042954851974795524,0.8,-0.9
SO,2024-07-24,0.1292338323165494,0.5,0.03230845807913735,0.8,-0.9
SO,2024-07-31,0.09316755049245813,0.5,0.06211170032830542,0.8,-0.9
SO,2024-08-07,0.1487457624179537,0.5,0.09916384161196913,0.8,-0.9
SO,2024-08-14,0.04999452114836727,0.5,0.04999452114836727,0.8,-0.9
SO,2024-08-21,0.055913774902589156,0.5,0.03727584993505944,0.8,-0.9
SO,2024-08-28,0.03333607138949772,0.5,0.03333607138949772,0.8,-0.9
SO,2024-09-05,0.11029455026267168,0.5,0.33088365078801507,0.8,-0.9
SO,2024-09-12,0.08020822770191093,0.5,0.06015617077643319,0.8,-0.9
SO,2024-09-19,0.10037535327569427,4.0,0.03345845109189809,0.8,-0.9
SO,2024-09-26,0.03273255306080484,8.0,0.04909882959120726,0.8,-0.9
SO,2024-10-03,0.06688672186824987,0.5,0.1003300828023748,0.8,-0.9
SO,2024-10-10,0.07241255364806862,0.5,0.03620627682403431,0.8,-0.9
SO,2024-10-17,0.05417332914068406,0.5,0.03611555276045604,0.8,-0.9
SO,2024-10-24,0.06784335832804628,0.5,0.04522890555203085,0.8,-0.9
SO,2024-10-31,0.06588317015251832,0.5,0.03294158507625916,0.8,-0.9
SO,2024-11-07,0.0339946465140465,8.0,0.0339946465140465,0.2,-0.3
SO,2024-11-14,0.03891242238076365,8.0,0.0518832298410182,0.2,-0.3
SO,2024-11-21,0.035938020470923454,4.0,0.05390703070638518,0.8,-0.9
SO,2024-11-29,0.035034558054466564,0.5,0.07006911610893313,0.8,-0.9
SO,2024-12-06,0.04308442835677351,8.0,0.08616885671354702,0.2,-0.3
SO,2024-12-13,0.02625333741056397,8.0,0.02625333741056397,0.2,-0.3
SO,2024-12-20,0.05111633207046063,0.5,0.01703877735682021,0.8,-0.3
SO,2024-12-30,0.037790753175696364,0.5,0.037790753175696364,0.8,-0.3
SO,2025-01-07,0.026336928558390385,4.0,0.05267385711678077,0.2,-0.3
SO,2025-01-15,0.05141858954980634,2.0,0.06855811939974178,0.8,-0.9
SO,2025-01-23,0.041167079061290475,4.0,0.08233415812258095,0.8,-0.3
SO,2025-01-30,0.058981885360901994,0.5,0.11796377072180399,0.8,-0.9
SO,2025-02-06,0.04850488053121699,4.0,0.07275732079682548,0.8,-0.7
SO,2025-02-13,0.08987409007135143,8.0,0.044937045035675714,0.8,-0.9
SO,2025-02-21,0.0331963966556488,0.5,0.022130931103765867,0.8,-0.9
SO,2025-02-28,0.09425189656846715,0.5,0.047125948284233575,0.8,-0.9
SO,2025-03-07,0.07440612195092644,0.5,0.02480204065030881,0.8,-0.9
SO,2025-03-14,0.09281830910886972,0.5,0.09281830910886972,0.8,-0.9
SO,2025-03-21,0.04875882648149886,0.5,0.03250588432099924,0.8,-0.9
SO,2025-03-28,0.031404795240511166,8.0,0.04710719286076675,0.8,-0.9
SO,2025-04-04,0.09131120431401356,1.0,0.06087413620934237,0.8,-0.7
SO,2025-04-11,0.11569007567163024,1.0,0.05784503783581512,0.8,-0.9
SO,2025-04-21,0.12010168978216676,8.0,0.04003389659405559,0.8,-0.9
SO,2025-04-28,0.05978154729027817,4.0,0.019927182430092723,0.8,-0.9
SO,2025-05-05,0.04834296262827012,0.5,0.02417148131413506,0.8,-0.9
SO,2025-05-12,0.06276748837490537,0.5,0.06276748837490537,0.8,-0.9
SO,2025-05-19,0.07916153752896798,0.5,0.02638717917632266,0.8,-0.9
SO,2025-05-27,0.03499527792741146,8.0,0.05249291689111719,0.8,-0.9
SO,2025-06-03,0.07730967993748497,0.5,0.11596451990622746,0.8,-0.9
SO,2025-06-10,0.04302617533824986,0.5,0.06453926300737478,0.8,-0.9
SO,2025-06-17,0.06008758358611872,0.5,0.040058389057412484,0.8,-0.9
SO,2025-06-25,0.06143580935603697,0.5,0.04095720623735798,0.8,-0.9
SO,2025-07-02,0.05688677388414945,0.5,0.028443386942074725,0.8,-0.9
SO,2025-07-10,0.08785550246089534,0.5,0.08785550246089534,0.8,-0.9
SO,2025-07-17,0.04714840814863687,0.5,0.09429681629727374,0.8,-0.9
SO,2025-07-24,0.08566544308731806,0.5,0.04283272154365903,0.8,-0.9
SO,2025-07-31,0.05053617645297756,0.5,0.03369078430198504,0.8,-0.9
SO,2025-08-07,0.05691035233030033,0.5,0.03794023488686689,0.8,-0.9
SO,2025-08-14,0.03395699679944365,2.0,0.022637997866295768,0.8,-0.5
SO,2025-08-21,0.03939501538833214,4.0,0.013131671796110715,0.8,-0.9
SO,2025-08-28,0.022319760832854182,4.0,0.06695928249856255,0.8,-0.3
T,2024-01-02,0.09068749475098684,8.0,0.06801562106324013,0.2,-0.3
T,2024-01-09,0.09243525304061018,8.0,0.04621762652030509,0.2,-0.3
T,2024-01-17,0.16784587736948997,8.0,0.05594862578982999,0.2,-0.3
T,2024-01-24,0.06687519831492145,8.0,0.044583465543280965,0.2,-0.3
T,2024-01-31,0.08314919442041523,0.5,0.08314919442041523,0.8,-0.9
T,2024-02-07,0.04785167806980804,2.0,0.07177751710471206,0.8,-0.9
T,2024-02-14,0.05439228760557932,8.0,0.05439228760557932,0.2,-0.3
T,2024-02-22,0.060407629059666686,0.5,0.045305721794750016,0.8,-0.9
T,2024-02-29,0.03313744942682417,2.0,0.06627489885364835,0.2,-0.3
T,2024-03-07,0.0594612340006722,0.5,0.0198204113335574,0.8,-0.3
T,2024-03-14,0.039446659029271476,0.5,0.02958499427195361,0.8,-0.9
T,2024-03-21,0.0523664599682626,0.5,0.039274844976196946,0.2,-0.3
T,2024-03-28,0.05857146697993456,0.5,0.019523822326644853,0.8,-0.9
T,2024-04-05,0.10597888034597322,4.0,0.03532629344865774,0.8,-0.9
T,2024-04-12,0.056571139561196374,8.0,0.056571139561196374,0.2,-0.3
T,2024-04-19,0.09738071072999305,8.0,0.048690355364996524,0.2,-0.3
T,2024-04-26,0.03752759066780982,0.5,0.07505518133561964,0.8,-0.9
T,2024-05-03,0.04884164199875662,4.0,0.03663123149906746,0.8,-0.9
T,2024-05-10,0.019460892123393476,0.5,0.05838267637018043,0.8,-0.7
T,2024-05-17,0.017446105893337727,2.0,0.013084579420003295,0.8,-0.3
T,2024-05-24,0.04207933625104906,0.5,0.028052890834032704,0.8,-0.9
T,2024-06-03,0.13847306597057424,0.5,0.09231537731371615,0.8,-0.9
T,2024-06-10,0.04336702806122449,0.5,0.04336702806122449,0.8,-0.9
T,2024-06-17,0.06822429906542055,0.5,0.017056074766355137,0.8,-0.9
T,2024-06-25,0.13914781147531416,0.5,0.09276520765020944,0.8,-0.9
T,2024-07-02,0.14961902006172834,0.5,0.14961902006172834,0.8,-0.9
T,2024-07-10,0.08154545404551113,8.0,0.04077272702275556,0.8,-0.9
T,2024-07-17,0.10972378628628629,0.5,0.0365745954287621,0.8,-0.9
T,2024-07-24,0.15958911951866744,0.5,0.3191782390373349,0.8,-0.9
T,2024-07-31,0.08760419154211382,0.5,0.04380209577105691,0.8,-0.9
T,2024-08-07,0.04919121938402824,0.5,0.016397073128009414,0.8,-0.9
T,2024-08-14,0.10950520833333337,0.5,0.10950520833333337,0.8,-0.9
T,2024-08-21,0.04527827970217732,0.5,0.03395870977663299,0.8,-0.9
T,2024-08-28,0.00072209033357682,8.0,0.000541567750182615,0.2,-0.3
T,2024-09-05,0.26964893436598997,0.5,0.26964893436598997,0.8,-0.9
T,2024-09-12,0.19092526941529453,8.0,0.06364175647176484,0.8,-0.9
T,2024-09-19,0.013320688473359871,0.5,0.009990516355019904,0.8,-0.7
T,2024-09-26,0.06829582750642856,0.5,0.06829582750642856,0.8,-0.9
T,2024-10-03,0.13341458184974525,0.5,0.08894305456649683,0.8,-0.9
T,2024-10-10,0.07748721132438187,2.0,0.23246163397314562,0.8,-0.9
T,2024-10-17,0.09047074242327839,8.0,0.045235371211639196,0.8,-0.9
T,2024-10-24,0.06860339515440361,0.5,0.034301697577201806,0.8,-0.9
T,2024-10-31,0.07533853804089413,0.5,0.1130078070613412,0.8,-0.9
T,2024-11-07,0.06622495633721791,0.5,0.033112478168608954,0.8,-0.9
T,2024-11-14,0.07074398013307465,0.5,0.03537199006653732,0.8,-0.9
T,2024-11-21,0.14225426792113252,1.0,0.04741808930704417,0.8,-0.9
T,2024-11-29,0.07250168633014736,0.5,0.03625084316507368,0.8,-0.9
T,2024-12-06,0.1427299592676577,0.5,0.09515330617843845,0.8,-0.9
T,2024-12-13,0.0963239411854618,0.5,0.1926478823709236,0.8,-0.9
T,2024-12-20,0.1273616555674439,0.5,0.1273616555674439,0.8,-0.9
T,2024-12-30,0.07069419950743645,0.5,0.07069419950743645,0.8,-0.9
T,2025-01-07,0.12006116330690195,0.5,0.06003058165345097,0.8,-0.9
T,2025-01-15,0.0670264538463144,0.5,0.0670264538463144,0.2,-0.3
T,2025-01-23,0.1444638387757844,0.5,0.1444638387757844,0.8,-0.9
T,2025-01-30,0.06985105285238571,0.5,0.03492552642619286,0.8,-0.9
T,2025-02-06,0.06491601918602702,0.5,0.06491601918602702,0.8,-0.9
T,2025-02-13,0.2517320247129693,0.5,0.2517320247129693,0.8,-0.9
T,2025-02-21,0.20896987259516253,0.5,0.10448493629758127,0.8,-0.9
T,2025-02-28,0.5742403294616472,0.5,0.5742403294616472,0.8,-0.9
T,2025-03-07,0.0037647142857142857,8.0,0.002823535714285714,0.2,-0.3
T,2025-03-14,0.1579054275500287,4.0,0.47371628265008614,0.8,-0.9
T,2025-03-21,0.3113165145502645,0.5,0.23348738591269835,0.8,-0.9
T,2025-03-28,0.4145122579235047,8.0,0.13817075264116824,0.8,-0.9
T,2025-04-04,0.1837208825090044,1.0,0.0918604412545022,0.8,-0.9
T,2025-04-11,0.27393281757680416,0.5,0.09131093919226806,0.8,-0.9
T,2025-04-21,0.18321971872338547,8.0,0.06107323957446182,0.8,-0.9
T,2025-04-28,0.23364897316014138,0.5,0.15576598210676093,0.8,-0.9
T,2025-05-05,0.12077205882352941,0.5,0.060386029411764706,0.8,-0.9
T,2025-05-12,0.07783247041420122,8.0,0.025944156804733737,0.8,-0.9
T,2025-05-19,0.12160508076717692,0.5,0.12160508076717692,0.8,-0.9
T,2025-05-27,0.058114830966602055,0.5,0.04358612322495154,0.8,-0.9
T,2025-06-03,0.13672983323691704,0.5,0.06836491661845852,0.8,-0.9
T,2025-06-10,0.12096735736580674,0.5,0.08064490491053783,0.8,-0.9
T,2025-06-17,0.10393392960362444,0.5,0.15590089440543664,0.8,-0.9
T,2025-06-25,0.0393870149119655,8.0,0.1181610447358965,0.8,-0.9
T,2025-07-02,0.06087532137900691,0.5,0.030437660689503456,0.8,-0.9
T,2025-07-10,0.10432098765432099,0.5,0.06954732510288066,0.8,-0.9
T,2025-07-17,0.09811502958995431,4.0,0.032705009863318105,0.8,-0.9
T,2025-07-24,0.08466725951428491,0.5,0.04233362975714246,0.8,-0.9
T,2025-07-31,0.06500830573621778,0.5,0.04333887049081186,0.8,-0.9
T,2025-08-07,0.05172015930270886,0.5,0.0775802389540633,0.8,-0.9
T,2025-08-14,0.1469213361278755,0.5,0.09794755741858366,0.8,-0.9
T,2025-08-21,0.06797884126810233,8.0,0.02265961375603411,0.8,-0.9
T,2025-08-28,0.08863521730522776,0.5,0.059090144870151844,0.8,-0.9
TROW,2024-01-02,0.22081652743800734,8.0,0.22081652743800734,0.2,-0.3
TROW,2024-01-09,0.10685447397416561,8.0,0.10685447397416561,0.2,-0.3
TROW,2024-01-17,0.07917365594578146,8.0,0.07917365594578146,0.2,-0.3
TROW,2024-01-24,0.09524508418916217,0.5,0.04762254209458108,0.8,-0.9
TROW,2024-01-31,0.10535393559329723,1.0,0.21070787118659445,0.8,-0.9
TROW,2024-02-07,0.18284564393939393,2.0,0.09142282196969696,0.8,-0.9
TROW,2024-02-14,0.07578694353366684,8.0,0.11368041530050027,0.2,-0.3
TROW,2024-02-22,0.07284945920986727,4.0,0.14569891841973454,0.8,-0.3
TROW,2024-02-29,0.10033640963972101,0.5,0.20067281927944203,0.8,-0.9
TROW,2024-03-07,0.17288497116046828,0.5,0.17288497116046828,0.8,-0.9
TROW,2024-03-14,0.10062224597617593,0.5,0.050311122988087965,0.8,-0.9
TROW,2024-03-21,0.17358585363826345,0.5,0.11572390242550896,0.8,-0.9
TROW,2024-03-28,0.25476076205870035,0.5,0.16984050803913356,0.8,-0.9
TROW,2024-04-05,0.12359788359788358,0.5,0.06179894179894179,0.8,-0.9
TROW,2024-04-12,0.10904517572624506,4.0,0.036348391908748355,0.8,-0.7
TROW,2024-04-19,0.13154058792654982,8.0,0.19731088188982474,0.2,-0.3
TROW,2024-04-26,0.05777917872755197,8.0,0.0770389049700693,0.2,-0.3
TROW,2024-05-03,0.0817870170723062,8.0,0.1635740341446124,0.2,-0.3
TROW,2024-05-10,0.03056400637996219,8.0,0.03056400637996219,0.2,-0.3
TROW,2024-05-17,0.06376415619488536,0.5,0.09564623429232805,0.8,-0.9
TROW,2024-05-24,0.08872433035714286,0.5,0.08872433035714286,0.8,-0.9
TROW,2024-06-03,0.09941254691255919,4.0,0.04970627345627959,0.8,-0.9
TROW,2024-06-10,0.030790945474952744,8.0,0.06158189094990549,0.2,-0.3
TROW,2024-06-17,0.13621554344044137,0.5,0.06810777172022069,0.8,-0.9
TROW,2024-06-25,0.1269361819993256,0.5,0.16924824266576746,0.8,-0.9
TROW,2024-07-02,0.06235085330428466,0.5,0.03117542665214233,0.8,-0.9
TROW,2024-07-10,0.11365288393185909,0.5,0.11365288393185909,0.8,-0.9
TROW,2024-07-17,0.09724510918793318,0.5,0.04862255459396659,0.8,-0.9
TROW,2024-07-24,0.10121286651234565,0.5,0.10121286651234565,0.8,-0.9
TROW,2024-07-31,0.04163479275173611,8.0,0.12490437825520832,0.2,-0.3
TROW,2024-08-07,0.1699783981814619,8.0,0.0566594660604873,0.2,-0.3
TROW,2024-08-14,0.07684137520785245,8.0,0.11526206281177867,0.2,-0.3
TROW,2024-08-21,0.06219245156345653,8.0,0.031096225781728264,0.2,-0.3
TROW,2024-08-28,0.08635989534986722,8.0,0.08635989534986722,0.2,-0.3
TROW,2024-09-05,0.18050578204995513,8.0,0.06016859401665171,0.2,-0.3
TROW,2024-09-12,0.10441700213838577,8.0,0.052208501069192885,0.2,-0.3
TROW,2024-09-19,0.049539448087729754,2.0,0.09907889617545951,0.8,-0.9
TROW,2024-09-26,0.060004107919472485,8.0,0.09000616187920873,0.2,-0.3
TROW,2024-10-03,0.12760900912534437,8.0,0.12760900912534437,0.2,-0.3
TROW,2024-10-10,0.08135384565382789,8.0,0.05423589710255193,0.2,-0.3
TROW,2024-10-17,0.07272195360370085,8.0,0.1454439072074017,0.2,-0.3
TROW,2024-10-24,0.13476533597136295,8.0,0.13476533597136295,0.2,-0.3
TROW,2024-10-31,0.17351769547325105,8.0,0.2602765432098766,0.2,-0.3
TROW,2024-11-07,0.10964608036368745,0.5,0.07309738690912497,0.8,-0.9
TROW,2024-11-14,0.09241307866723839,0.5,0.04620653933361919,0.8,-0.9
TROW,2024-11-21,0.08345956239498002,0.5,0.04172978119749001,0.8,-0.9
TROW,2024-11-29,0.14292636694722,0.5,0.28585273389444,0.8,-0.9
TROW,2024-12-06,0.12227498032938844,0.5,0.06113749016469422,0.8,-0.9
TROW,2024-12-13,0.09042294074997782,0.5,0.060281960499985215,0.8,-0.9
TROW,2024-12-20,0.052759376942751915,2.0,0.10551875388550383,0.8,-0.9
TROW,2024-12-30,0.03270297772592417,8.0,0.0981089331777725,0.2,-0.3
TROW,2025-01-07,0.0586777413489813,8.0,0.1760332240469439,0.2,-0.3
TROW,2025-01-15,0.06731977724416285,4.0,0.03365988862208143,0.2,-0.3
TROW,2025-01-23,0.06794245224031503,0.5,0.06794245224031503,0.8,-0.9
TROW,2025-01-30,0.11396571643001378,4.0,0.05698285821500689,0.8,-0.9
TROW,2025-02-06,0.06092978045294243,1.0,0.12185956090588486,0.8,-0.9
TROW,2025-02-13,0.05089671774029583,8.0,0.10179343548059167,0.2,-0.3
TROW,2025-02-21,0.08990962441224336,8.0,0.13486443661836503,0.2,-0.3
TROW,2025-02-28,0.11252909391176698,8.0,0.03750969797058899,0.2,-0.3
TROW,2025-03-07,0.07960626674912387,8.0,0.019901566687280967,0.2,-0.3
TROW,2025-03-14,0.2895847592085614,8.0,0.21718856940642106,0.2,-0.3
TROW,2025-03-21,0.5586950231481479,8.0,0.4190212673611109,0.2,-0.3
TROW,2025-03-28,0.40002075195312503,8.0,0.10000518798828126,0.2,-0.3
TROW,2025-04-04,1.701093096518385,8.0,0.42527327412959626,0.2,-0.3
TROW,2025-04-11,0.27086168825980905,8.0,0.1805744588398727,0.2,-0.3
TROW,2025-04-21,0.7039141274238229,0.5,0.5279355955678672,0.2,-0.3
TROW,2025-04-28,0.384491381963681,8.0,0.09612284549092025,0.2,-0.3
TROW,2025-05-05,0.3672415725300339,8.0,0.12241385751001131,0.2,-0.3
TROW,2025-05-12,0.13031092247596152,8.0,0.06515546123798076,0.2,-0.3
TROW,2025-05-19,0.10029201507568357,8.0,0.10029201507568357,0.2,-0.3
TROW,2025-05-27,0.5399363663771838,8.0,0.40495227478288787,0.2,-0.3
TROW,2025-06-03,0.3404293859145221,8.0,0.3404293859145221,0.2,-0.3
TROW,2025-06-10,0.27992554769721134,0.5,0.2099441607729085,0.2,-0.3
TROW,2025-06-17,0.30805153729838697,8.0,0.23103865297379023,0.2,-0.3
TROW,2025-06-25,0.38659938927398285,8.0,0.25773292618265525,0.2,-0.3
TROW,2025-07-02,0.05553292900219298,8.0,0.08329939350328947,0.8,-0.3
TROW,2025-07-10,0.12413045987215907,4.0,0.04137681995738635,0.8,-0.9
TROW,2025-07-17,0.26152306437458206,0.5,0.1743487095830547,0.8,-0.9
TROW,2025-07-24,0.39407493266612625,0.5,0.2627166217774175,0.8,-0.9
TROW,2025-07-31,0.25466849174746076,0.5,0.12733424587373038,0.8,-0.9
TROW,2025-08-07,0.13421004710477932,2.0,0.04473668236825978,0.8,-0.9
TROW,2025-08-14,0.08798334799776389,0.5,0.043991673998881944,0.8,-0.9
TROW,2025-08-21,0.11501588368771093,8.0,0.03833862789590364,0.2,-0.3
TROW,2025-08-28,0.0636059163717169,8.0,0.1272118327434338,0.2,-0.3
TSLA,2024-01-02,0.3885160147392291,0.5,0.29138701105442183,0.2,-0.3
TSLA,2024-01-09,0.5994201448961936,8.0,0.8991302173442903,0.2,-0.3
TSLA,2024-01-17,0.7207566498757226,0.5,0.540567487406792,0.2,-0.3
TSLA,2024-01-24,0.33008677732610664,8.0,0.24756508299457997,0.2,-0.3
TSLA,2024-01-31,2.0,8.0,2.0,0.2,-0.3
TSLA,2024-02-07,1.6507738921925124,0.5,1.2380804191443842,0.2,-0.3
TSLA,2024-02-14,0.45039609976233574,0.5,0.3377970748217518,0.2,-0.3
TSLA,2024-02-22,0.7961438674125515,8.0,0.7961438674125515,0.2,-0.3
TSLA,2024-02-29,1.4840297416509134,8.0,0.7420148708254567,0.2,-0.3
TSLA,2024-03-07,2.5012641688942385,2.0,1.2506320844471193,0.2,-0.3
TSLA,2024-03-14,3.4514328029371217,8.0,1.7257164014685609,0.2,-0.3
TSLA,2024-03-21,0.0039017476029829527,0.5,0.0039017476029829527,0.8,-0.9
TSLA,2024-03-28,0.6838091936978424,8.0,0.6838091936978424,0.2,-0.3
TSLA,2024-04-05,1.6612739595275632,8.0,1.6612739595275632,0.2,-0.3
TSLA,2024-04-12,1.8251131572420625,8.0,1.8251131572420625,0.2,-0.3
TSLA,2024-04-19,0.002868745636757789,0.5,0.002868745636757789,0.8,-0.9
TSLA,2024-04-26,0.499425447461971,8.0,0.499425447461971,0.2,-0.3
TSLA,2024-05-03,0.4581065596288585,8.0,0.4581065596288585,0.2,-0.3
TSLA,2024-05-10,1.1956668826464132,8.0,1.1956668826464132,0.2,-0.3
TSLA,2024-05-17,1.1340275698927533,8.0,1.1340275698927533,0.2,-0.3
TSLA,2024-05-24,0.9873193786641523,8.0,0.24682984466603808,0.2,-0.3
TSLA,2024-06-03,0.7215641924610412,8.0,1.0823462886915618,0.2,-0.3
TSLA,2024-06-10,1.868146704809123,4.0,5.604440114427369,0.2,-0.3
TSLA,2024-06-17,0.2543490460886688,8.0,0.7630471382660065,0.2,-0.3
TSLA,2024-06-25,0.4685149672581424,8.0,0.15617165575271413,0.2,-0.3
TSLA,2024-07-02,0.019745761830664062,0.5,0.014809321372998046,0.8,-0.3
TSLA,2024-07-10,0.9195195488717678,1.0,1.8390390977435356,0.8,-0.9
TSLA,2024-07-17,0.6097607590830447,8.0,0.20325358636101493,0.2,-0.3
TSLA,2024-07-24,0.27994819656257564,8.0,0.27994819656257564,0.2,-0.3
TSLA,2024-07-31,0.07091565389421076,0.5,0.05318674042065807,0.2,-0.3
TSLA,2024-08-07,1.5537088425309922,8.0,3.1074176850619843,0.2,-0.3
TSLA,2024-08-14,0.2364566493398011,0.5,0.17734248700485084,0.2,-0.3
TSLA,2024-08-21,0.1856323074881753,8.0,0.1856323074881753,0.2,-0.3
TSLA,2024-08-28,0.3122287058754694,8.0,0.6244574117509388,0.2,-0.3
TSLA,2024-09-05,0.3731757413642423,8.0,0.7463514827284846,0.2,-0.3
TSLA,2024-09-12,0.38436609501883434,0.5,0.28827457126412576,0.2,-0.3
TSLA,2024-09-19,0.32552083333333326,0.5,0.08138020833333331,0.8,-0.9
TSLA,2024-09-26,0.3540642933428267,8.0,0.3540642933428267,0.2,-0.3
TSLA,2024-10-03,0.4825828458161156,0.5,0.3619371343620867,0.2,-0.3
TSLA,2024-10-10,0.910856334522915,0.5,0.6831422508921863,0.2,-0.3
TSLA,2024-10-17,0.001226269422903569,0.5,0.001226269422903569,0.8,-0.9
TSLA,2024-10-24,0.125,0.5,0.09375,0.8,-0.9
TSLA,2024-10-31,0.09014241589448205,0.5,0.06760681192086154,0.2,-0.3
TSLA,2024-11-07,0.2875579735975482,8.0,0.1437789867987741,0.8,-0.9
TSLA,2024-11-14,0.08496718885164362,0.5,0.06372539163873271,0.2,-0.3
TSLA,2024-11-21,0.33705671229026996,4.0,0.505585068435405,0.2,-0.3
TSLA,2024-11-29,0.34916445687932174,2.0,0.2327763045862145,0.8,-0.9
TSLA,2024-12-06,0.38809137438036295,8.0,0.19404568719018148,0.8,-0.9
TSLA,2024-12-13,0.6357750040260639,8.0,1.9073250120781917,0.8,-0.9
TSLA,2024-12-20,0.4744302120029557,4.0,0.7116453180044335,0.2,-0.3
TSLA,2024-12-30,0.3116346201725932,8.0,0.6232692403451864,0.2,-0.3
TSLA,2025-01-07,0.4400262935694672,4.0,0.6600394403542008,0.2,-0.3
TSLA,2025-01-15,0.40766860608285954,4.0,0.6115029091242893,0.2,-0.3
TSLA,2025-01-23,0.5639499181064471,8.0,0.18798330603548236,0.2,-0.3
TSLA,2025-01-30,0.3989039304763081,8.0,0.3989039304763081,0.2,-0.3
TSLA,2025-02-06,0.9946282503053121,0.5,0.7459711877289841,0.2,-0.3
TSLA,2025-02-13,2.0,8.0,2.0,0.2,-0.3
TSLA,2025-02-21,0.25757095509958794,8.0,0.5151419101991759,0.2,-0.3
TSLA,2025-02-28,2.2962330066666663,8.0,0.5740582516666666,0.2,-0.3
TSLA,2025-03-07,3.0,8.0,2.0,0.2,-0.3
TSLA,2025-03-14,2.2591507599725187,0.5,1.694363069979389,0.2,-0.3
TSLA,2025-03-21,1.6151002439666338,2.0,4.8453007318999015,0.2,-0.3
TSLA,2025-03-28,0.9586434659090909,8.0,0.9586434659090909,0.2,-0.3
TSLA,2025-04-04,3.0,8.0,2.0,0.2,-0.3
TSLA,2025-04-11,0.8194714533641863,8.0,0.5463143022427909,0.2,-0.3
TSLA,2025-04-21,1.0406674171769548,8.0,0.34688913905898494,0.2,-0.3
TSLA,2025-04-28,0.9179565420544338,8.0,0.3059855140181446,0.8,-0.9
TSLA,2025-05-05,0.5502053531077371,8.0,0.27510267655386855,0.8,-0.9
TSLA,2025-05-12,1.2648827561684433,0.5,1.2648827561684433,0.8,-0.9
TSLA,2025-05-19,0.4148561225244981,0.5,0.20742806126224905,0.8,-0.3
TSLA,2025-05-27,0.8581555555555554,0.5,1.2872333333333332,0.8,-0.9
TSLA,2025-06-03,0.4357162263911531,0.5,0.4357162263911531,0.8,-0.9
TSLA,2025-06-10,0.570381378321256,8.0,0.19012712610708535,0.2,-0.3
TSLA,2025-06-17,0.3230287178817203,8.0,0.6460574357634405,0.2,-0.3
TSLA,2025-06-25,0.7078118099698896,8.0,0.3539059049849448,0.2,-0.3
TSLA,2025-07-02,0.46157854311797364,4.0,0.30771902874531576,0.2,-0.3
TSLA,2025-07-10,0.21035441492599277,0.5,0.15776581119449457,0.2,-0.3
TSLA,2025-07-17,0.3943574334527681,0.5,0.29576807508957603,0.2,-0.3
TSLA,2025-07-24,0.6988534210400177,8.0,0.17471335526000442,0.2,-0.3
TSLA,2025-07-31,0.15509279949656427,8.0,0.23263919924484638,0.2,-0.3
TSLA,2025-08-07,0.22875707608022572,4.0,0.15250471738681715,0.2,-0.3
TSLA,2025-08-14,0.10107833389005534,0.5,0.06738555592670356,0.8,-0.9
TSLA,2025-08-21,0.19777125214566815,8.0,0.19777125214566815,0.2,-0.3
TSLA,2025-08-28,0.11584442117694499,0.5,0.07722961411796332,0.8,-0.9
VZ,2024-01-02,0.07516028209130443,8.0,0.07516028209130443,0.2,-0.3
VZ,2024-01-09,0.03365410301360714,0.5,0.025240577260205357,0.5,-0.9
VZ,2024-01-17,0.06451667080679713,4.0,0.02150555693559904,0.8,-0.3
VZ,2024-01-24,0.15554289863449883,0.5,0.10369526575633255,0.8,-0.9
VZ,2024-01-31,0.05204730218060541,0.5,0.03469820145373694,0.8,-0.9
VZ,2024-02-07,0.043057367605756416,2.0,0.08611473521151283,0.8,-0.9
VZ,2024-02-14,0.028576942080543146,8.0,0.04286541312081472,0.5,-0.7
VZ,2024-02-22,0.03975437644333708,4.0,0.059631564665005625,0.8,-0.9
VZ,2024-02-29,0.03901889469798018,1.0,0.07803778939596036,0.8,-0.3
VZ,2024-03-07,0.042855227798691255,8.0,0.08571045559738251,0.8,-0.9
VZ,2024-03-14,0.03230895475327456,0.5,0.024231716064955923,0.8,-0.9
VZ,2024-03-21,0.057088455125762175,2.0,0.03805897008384145,0.2,-0.3
VZ,2024-03-28,0.05303572180401965,0.5,0.07955358270602947,0.8,-0.9
VZ,2024-04-05,0.10343740286371059,4.0,0.06895826857580706,0.8,-0.9
VZ,2024-04-12,0.0646189762250553,2.0,0.09692846433758295,0.2,-0.3
VZ,2024-04-19,0.06549089010057531,8.0,0.06549089010057531,0.8,-0.5
VZ,2024-04-26,0.03549198114304315,8.0,0.023661320762028766,0.2,-0.3
VZ,2024-05-03,0.03330949899459515,8.0,0.022206332663063433,0.2,-0.3
VZ,2024-05-10,0.03002378585379465,1.0,0.09007135756138396,0.8,-0.9
VZ,2024-05-17,0.01622490566539115,0.5,0.004056226416347787,0.8,-0.9
VZ,2024-05-24,0.027375000000000007,8.0,0.027375000000000007,0.2,-0.3
VZ,2024-06-03,0.04522881004319341,0.5,0.03392160753239506,0.8,-0.9
VZ,2024-06-10,0.03461186688956566,4.0,0.06922373377913132,0.8,-0.9
VZ,2024-06-17,0.04395445406732229,8.0,0.04395445406732229,0.2,-0.3
VZ,2024-06-25,0.08485180664062503,0.5,0.05656787109375001,0.8,-0.9
VZ,2024-07-02,0.11366240832270406,8.0,0.028415602080676016,0.8,-0.9
VZ,2024-07-10,0.07154040934999707,0.5,0.02384680311666569,0.8,-0.9
VZ,2024-07-17,0.08667681587710098,0.5,0.04333840793855049,0.8,-0.9
VZ,2024-07-24,0.026491255540114188,0.5,0.026491255540114188,0.8,-0.9
VZ,2024-07-31,0.036807803838579484,2.0,0.012269267946193162,0.8,-0.9
VZ,2024-08-07,0.037420192127496435,2.0,0.07484038425499287,0.8,-0.9
VZ,2024-08-14,0.04337585728769084,0.5,0.02168792864384542,0.8,-0.9
VZ,2024-08-21,0.022590177474739324,4.0,0.011295088737369662,0.8,-0.9
VZ,2024-08-28,0.04994702311876774,0.5,0.02497351155938387,0.8,-0.9
VZ,2024-09-05,0.04915856428559331,4.0,0.04915856428559331,0.8,-0.9
VZ,2024-09-12,0.0822497199487632,0.5,0.0411248599743816,0.8,-0.9
VZ,2024-09-19,0.09168940010063659,0.5,0.06112626673375772,0.8,-0.9
VZ,2024-09-26,0.12411249185734878,0.5,0.06205624592867439,0.8,-0.9
VZ,2024-10-03,0.10849812120209452,0.5,0.05424906060104726,0.8,-0.9
VZ,2024-10-10,0.09829056971792781,0.5,0.06552704647861854,0.8,-0.9
VZ,2024-10-17,0.13740986565830654,2.0,0.034352466414576635,0.8,-0.9
VZ,2024-10-24,0.03594269346339568,8.0,0.03594269346339568,0.2,-0.3
VZ,2024-10-31,0.05527104868640163,4.0,0.01842368289546721,0.8,-0.9
VZ,2024-11-07,0.0376859374995,8.0,0.0376859374995,0.2,-0.3
VZ,2024-11-14,0.0523072578510738,8.0,0.0261536289255369,0.2,-0.3
VZ,2024-11-21,0.061221409327377706,0.5,0.061221409327377706,0.8,-0.9
VZ,2024-11-29,0.09231466925005298,0.5,0.09231466925005298,0.8,-0.9
VZ,2024-12-06,0.07981357473544971,0.5,0.07981357473544971,0.8,-0.5
VZ,2024-12-13,0.05614680837736878,0.5,0.11229361675473756,0.8,-0.9
VZ,2024-12-20,0.0871013915070652,8.0,0.0871013915070652,0.2,-0.3
VZ,2024-12-30,0.12306965795056574,8.0,0.1846044869258486,0.2,-0.3
VZ,2025-01-07,0.04784631906777339,8.0,0.07176947860166008,0.2,-0.3
VZ,2025-01-15,0.11522345767742173,8.0,0.038407819225807244,0.2,-0.3
VZ,2025-01-23,0.0688548702346119,8.0,0.03442743511730595,0.8,-0.5
VZ,2025-01-30,0.0301489318830235,2.0,0.060297863766047,0.8,-0.3
VZ,2025-02-06,0.038589423969738954,0.5,0.028942067977304215,0.8,-0.9
VZ,2025-02-13,0.04957670391526175,0.5,0.024788351957630874,0.8,-0.9
VZ,2025-02-21,0.10403270941452733,4.0,0.03467756980484244,0.8,-0.9
VZ,2025-02-28,0.06499380407569641,0.5,0.06499380407569641,0.8,-0.9
VZ,2025-03-07,0.17566724729008107,0.5,0.2635008709351216,0.8,-0.9
VZ,2025-03-14,0.08768903607969741,2.0,0.13153355411954612,0.8,-0.9
VZ,2025-03-21,0.0783482101719937,0.5,0.05223214011466247,0.8,-0.9
VZ,2025-03-28,0.11151825868597846,0.5,0.05575912934298923,0.8,-0.9
VZ,2025-04-04,0.15853010805521922,8.0,0.05284336935173974,0.8,-0.7
VZ,2025-04-11,0.1391581132520612,4.0,0.0347895283130153,0.8,-0.9
VZ,2025-04-21,0.10491344269697624,2.0,0.05245672134848812,0.8,-0.3
VZ,2025-04-28,0.05475548232023277,8.0,0.08213322348034915,0.8,-0.3
VZ,2025-05-05,0.036252270595438556,0.5,0.024168180396959036,0.8,-0.9
VZ,2025-05-12,0.04111877767717877,0.5,0.06167816651576815,0.8,-0.9
VZ,2025-05-19,0.04269783267606657,0.5,0.02846522178404438,0.8,-0.9
VZ,2025-05-27,0.05496472406313121,0.5,0.10992944812626242,0.8,-0.9
VZ,2025-06-03,0.07239885676727725,0.5,0.1447977135345545,0.8,-0.9
VZ,2025-06-10,0.07179987962712574,0.5,0.04786658641808383,0.8,-0.9
VZ,2025-06-17,0.018983996082092967,0.5,0.018983996082092967,0.8,-0.3
VZ,2025-06-25,0.040647832862750234,8.0,0.02709855524183349,0.2,-0.3
VZ,2025-07-02,0.06478925395788242,0.5,0.03239462697894121,0.8,-0.5
VZ,2025-07-10,0.058118734869327796,4.0,0.019372911623109265,0.2,-0.3
VZ,2025-07-17,0.08668156654411027,8.0,0.1300223498161654,0.2,-0.3
VZ,2025-07-24,0.05585441561251642,0.5,0.11170883122503283,0.8,-0.9
VZ,2025-07-31,0.04589698151395975,0.5,0.03059798767597317,0.8,-0.9
VZ,2025-08-07,0.025863287430544585,8.0,0.07758986229163375,0.8,-0.9
VZ,2025-08-14,0.037202260649571516,4.0,0.05580339097435727,0.8,-0.9
VZ,2025-08-21,0.10236988563146833,0.5,0.06824659042097889,0.8,-0.9
VZ,2025-08-28,0.04729621574430271,0.5,0.14188864723290814,0.8,-0.9
